INFO Using data directory: test_data
INFO Target folders: Обзоры, Статьи, Доклады
INFO Using Yandex model gpt://b1ggusvist6c2sia1dno/yandexgpt-5.1/latest via https://ai.api.cloud.yandex.net/v1
INFO Loading vector database from db_state.pkl...
INFO Received notification from DBMS server: <GqlStatusObject gql_status='00NA0', status_description="note: successful completion - index or constraint already exists. The command 'CREATE CONSTRAINT experiment_entity_id IF NOT EXISTS FOR (e:Experiment) REQUIRE (e.entity_id) IS UNIQUE' has no effect. The index or constraint specified by 'CONSTRAINT experiment_entity_id FOR (e:Experiment) REQUIRE (e.entity_id) IS UNIQUE' already exists.", position=None, raw_classification='SCHEMA', classification=<NotificationClassification.SCHEMA: 'SCHEMA'>, raw_severity='INFORMATION', severity=<NotificationSeverity.INFORMATION: 'INFORMATION'>, diagnostic_record={'_classification': 'SCHEMA', '_severity': 'INFORMATION', 'OPERATION': '', 'OPERATION_CODE': '0', 'CURRENT_SCHEMA': '/'}> for query: 'CREATE CONSTRAINT experiment_entity_id IF NOT EXISTS FOR (e:Experiment) REQUIRE e.entity_id IS UNIQUE'
INFO Received notification from DBMS server: <GqlStatusObject gql_status='00NA0', status_description="note: successful completion - index or constraint already exists. The command 'CREATE CONSTRAINT material_entity_id IF NOT EXISTS FOR (e:Material) REQUIRE (e.entity_id) IS UNIQUE' has no effect. The index or constraint specified by 'CONSTRAINT material_entity_id FOR (e:Material) REQUIRE (e.entity_id) IS UNIQUE' already exists.", position=None, raw_classification='SCHEMA', classification=<NotificationClassification.SCHEMA: 'SCHEMA'>, raw_severity='INFORMATION', severity=<NotificationSeverity.INFORMATION: 'INFORMATION'>, diagnostic_record={'_classification': 'SCHEMA', '_severity': 'INFORMATION', 'OPERATION': '', 'OPERATION_CODE': '0', 'CURRENT_SCHEMA': '/'}> for query: 'CREATE CONSTRAINT material_entity_id IF NOT EXISTS FOR (n:Material) REQUIRE n.entity_id IS UNIQUE'
INFO Received notification from DBMS server: <GqlStatusObject gql_status='00NA0', status_description="note: successful completion - index or constraint already exists. The command 'CREATE RANGE INDEX material_name IF NOT EXISTS FOR (e:Material) ON (e.name)' has no effect. The index or constraint specified by 'RANGE INDEX material_name FOR (e:Material) ON (e.name)' already exists.", position=None, raw_classification='SCHEMA', classification=<NotificationClassification.SCHEMA: 'SCHEMA'>, raw_severity='INFORMATION', severity=<NotificationSeverity.INFORMATION: 'INFORMATION'>, diagnostic_record={'_classification': 'SCHEMA', '_severity': 'INFORMATION', 'OPERATION': '', 'OPERATION_CODE': '0', 'CURRENT_SCHEMA': '/'}> for query: 'CREATE INDEX material_name IF NOT EXISTS FOR (n:Material) ON (n.name)'
INFO Received notification from DBMS server: <GqlStatusObject gql_status='00NA0', status_description="note: successful completion - index or constraint already exists. The command 'CREATE CONSTRAINT process_entity_id IF NOT EXISTS FOR (e:Process) REQUIRE (e.entity_id) IS UNIQUE' has no effect. The index or constraint specified by 'CONSTRAINT process_entity_id FOR (e:Process) REQUIRE (e.entity_id) IS UNIQUE' already exists.", position=None, raw_classification='SCHEMA', classification=<NotificationClassification.SCHEMA: 'SCHEMA'>, raw_severity='INFORMATION', severity=<NotificationSeverity.INFORMATION: 'INFORMATION'>, diagnostic_record={'_classification': 'SCHEMA', '_severity': 'INFORMATION', 'OPERATION': '', 'OPERATION_CODE': '0', 'CURRENT_SCHEMA': '/'}> for query: 'CREATE CONSTRAINT process_entity_id IF NOT EXISTS FOR (n:Process) REQUIRE n.entity_id IS UNIQUE'
INFO Received notification from DBMS server: <GqlStatusObject gql_status='00NA0', status_description="note: successful completion - index or constraint already exists. The command 'CREATE RANGE INDEX process_name IF NOT EXISTS FOR (e:Process) ON (e.name)' has no effect. The index or constraint specified by 'RANGE INDEX process_name FOR (e:Process) ON (e.name)' already exists.", position=None, raw_classification='SCHEMA', classification=<NotificationClassification.SCHEMA: 'SCHEMA'>, raw_severity='INFORMATION', severity=<NotificationSeverity.INFORMATION: 'INFORMATION'>, diagnostic_record={'_classification': 'SCHEMA', '_severity': 'INFORMATION', 'OPERATION': '', 'OPERATION_CODE': '0', 'CURRENT_SCHEMA': '/'}> for query: 'CREATE INDEX process_name IF NOT EXISTS FOR (n:Process) ON (n.name)'
INFO Received notification from DBMS server: <GqlStatusObject gql_status='00NA0', status_description="note: successful completion - index or constraint already exists. The command 'CREATE CONSTRAINT equipment_entity_id IF NOT EXISTS FOR (e:Equipment) REQUIRE (e.entity_id) IS UNIQUE' has no effect. The index or constraint specified by 'CONSTRAINT equipment_entity_id FOR (e:Equipment) REQUIRE (e.entity_id) IS UNIQUE' already exists.", position=None, raw_classification='SCHEMA', classification=<NotificationClassification.SCHEMA: 'SCHEMA'>, raw_severity='INFORMATION', severity=<NotificationSeverity.INFORMATION: 'INFORMATION'>, diagnostic_record={'_classification': 'SCHEMA', '_severity': 'INFORMATION', 'OPERATION': '', 'OPERATION_CODE': '0', 'CURRENT_SCHEMA': '/'}> for query: 'CREATE CONSTRAINT equipment_entity_id IF NOT EXISTS FOR (n:Equipment) REQUIRE n.entity_id IS UNIQUE'
INFO Received notification from DBMS server: <GqlStatusObject gql_status='00NA0', status_description="note: successful completion - index or constraint already exists. The command 'CREATE RANGE INDEX equipment_name IF NOT EXISTS FOR (e:Equipment) ON (e.name)' has no effect. The index or constraint specified by 'RANGE INDEX equipment_name FOR (e:Equipment) ON (e.name)' already exists.", position=None, raw_classification='SCHEMA', classification=<NotificationClassification.SCHEMA: 'SCHEMA'>, raw_severity='INFORMATION', severity=<NotificationSeverity.INFORMATION: 'INFORMATION'>, diagnostic_record={'_classification': 'SCHEMA', '_severity': 'INFORMATION', 'OPERATION': '', 'OPERATION_CODE': '0', 'CURRENT_SCHEMA': '/'}> for query: 'CREATE INDEX equipment_name IF NOT EXISTS FOR (n:Equipment) ON (n.name)'
INFO Received notification from DBMS server: <GqlStatusObject gql_status='00NA0', status_description="note: successful completion - index or constraint already exists. The command 'CREATE CONSTRAINT property_entity_id IF NOT EXISTS FOR (e:Property) REQUIRE (e.entity_id) IS UNIQUE' has no effect. The index or constraint specified by 'CONSTRAINT property_entity_id FOR (e:Property) REQUIRE (e.entity_id) IS UNIQUE' already exists.", position=None, raw_classification='SCHEMA', classification=<NotificationClassification.SCHEMA: 'SCHEMA'>, raw_severity='INFORMATION', severity=<NotificationSeverity.INFORMATION: 'INFORMATION'>, diagnostic_record={'_classification': 'SCHEMA', '_severity': 'INFORMATION', 'OPERATION': '', 'OPERATION_CODE': '0', 'CURRENT_SCHEMA': '/'}> for query: 'CREATE CONSTRAINT property_entity_id IF NOT EXISTS FOR (n:Property) REQUIRE n.entity_id IS UNIQUE'
INFO Received notification from DBMS server: <GqlStatusObject gql_status='00NA0', status_description="note: successful completion - index or constraint already exists. The command 'CREATE RANGE INDEX property_name IF NOT EXISTS FOR (e:Property) ON (e.name)' has no effect. The index or constraint specified by 'RANGE INDEX property_name FOR (e:Property) ON (e.name)' already exists.", position=None, raw_classification='SCHEMA', classification=<NotificationClassification.SCHEMA: 'SCHEMA'>, raw_severity='INFORMATION', severity=<NotificationSeverity.INFORMATION: 'INFORMATION'>, diagnostic_record={'_classification': 'SCHEMA', '_severity': 'INFORMATION', 'OPERATION': '', 'OPERATION_CODE': '0', 'CURRENT_SCHEMA': '/'}> for query: 'CREATE INDEX property_name IF NOT EXISTS FOR (n:Property) ON (n.name)'
INFO Received notification from DBMS server: <GqlStatusObject gql_status='00NA0', status_description="note: successful completion - index or constraint already exists. The command 'CREATE CONSTRAINT publication_entity_id IF NOT EXISTS FOR (e:Publication) REQUIRE (e.entity_id) IS UNIQUE' has no effect. The index or constraint specified by 'CONSTRAINT publication_entity_id FOR (e:Publication) REQUIRE (e.entity_id) IS UNIQUE' already exists.", position=None, raw_classification='SCHEMA', classification=<NotificationClassification.SCHEMA: 'SCHEMA'>, raw_severity='INFORMATION', severity=<NotificationSeverity.INFORMATION: 'INFORMATION'>, diagnostic_record={'_classification': 'SCHEMA', '_severity': 'INFORMATION', 'OPERATION': '', 'OPERATION_CODE': '0', 'CURRENT_SCHEMA': '/'}> for query: 'CREATE CONSTRAINT publication_entity_id IF NOT EXISTS FOR (n:Publication) REQUIRE n.entity_id IS UNIQUE'
INFO Received notification from DBMS server: <GqlStatusObject gql_status='00NA0', status_description="note: successful completion - index or constraint already exists. The command 'CREATE RANGE INDEX publication_name IF NOT EXISTS FOR (e:Publication) ON (e.name)' has no effect. The index or constraint specified by 'RANGE INDEX publication_name FOR (e:Publication) ON (e.name)' already exists.", position=None, raw_classification='SCHEMA', classification=<NotificationClassification.SCHEMA: 'SCHEMA'>, raw_severity='INFORMATION', severity=<NotificationSeverity.INFORMATION: 'INFORMATION'>, diagnostic_record={'_classification': 'SCHEMA', '_severity': 'INFORMATION', 'OPERATION': '', 'OPERATION_CODE': '0', 'CURRENT_SCHEMA': '/'}> for query: 'CREATE INDEX publication_name IF NOT EXISTS FOR (n:Publication) ON (n.name)'
INFO Received notification from DBMS server: <GqlStatusObject gql_status='00NA0', status_description="note: successful completion - index or constraint already exists. The command 'CREATE CONSTRAINT expert_entity_id IF NOT EXISTS FOR (e:Expert) REQUIRE (e.entity_id) IS UNIQUE' has no effect. The index or constraint specified by 'CONSTRAINT expert_entity_id FOR (e:Expert) REQUIRE (e.entity_id) IS UNIQUE' already exists.", position=None, raw_classification='SCHEMA', classification=<NotificationClassification.SCHEMA: 'SCHEMA'>, raw_severity='INFORMATION', severity=<NotificationSeverity.INFORMATION: 'INFORMATION'>, diagnostic_record={'_classification': 'SCHEMA', '_severity': 'INFORMATION', 'OPERATION': '', 'OPERATION_CODE': '0', 'CURRENT_SCHEMA': '/'}> for query: 'CREATE CONSTRAINT expert_entity_id IF NOT EXISTS FOR (n:Expert) REQUIRE n.entity_id IS UNIQUE'
INFO Received notification from DBMS server: <GqlStatusObject gql_status='00NA0', status_description="note: successful completion - index or constraint already exists. The command 'CREATE RANGE INDEX expert_name IF NOT EXISTS FOR (e:Expert) ON (e.name)' has no effect. The index or constraint specified by 'RANGE INDEX expert_name FOR (e:Expert) ON (e.name)' already exists.", position=None, raw_classification='SCHEMA', classification=<NotificationClassification.SCHEMA: 'SCHEMA'>, raw_severity='INFORMATION', severity=<NotificationSeverity.INFORMATION: 'INFORMATION'>, diagnostic_record={'_classification': 'SCHEMA', '_severity': 'INFORMATION', 'OPERATION': '', 'OPERATION_CODE': '0', 'CURRENT_SCHEMA': '/'}> for query: 'CREATE INDEX expert_name IF NOT EXISTS FOR (n:Expert) ON (n.name)'
INFO Received notification from DBMS server: <GqlStatusObject gql_status='00NA0', status_description="note: successful completion - index or constraint already exists. The command 'CREATE CONSTRAINT facility_entity_id IF NOT EXISTS FOR (e:Facility) REQUIRE (e.entity_id) IS UNIQUE' has no effect. The index or constraint specified by 'CONSTRAINT facility_entity_id FOR (e:Facility) REQUIRE (e.entity_id) IS UNIQUE' already exists.", position=None, raw_classification='SCHEMA', classification=<NotificationClassification.SCHEMA: 'SCHEMA'>, raw_severity='INFORMATION', severity=<NotificationSeverity.INFORMATION: 'INFORMATION'>, diagnostic_record={'_classification': 'SCHEMA', '_severity': 'INFORMATION', 'OPERATION': '', 'OPERATION_CODE': '0', 'CURRENT_SCHEMA': '/'}> for query: 'CREATE CONSTRAINT facility_entity_id IF NOT EXISTS FOR (n:Facility) REQUIRE n.entity_id IS UNIQUE'
INFO Received notification from DBMS server: <GqlStatusObject gql_status='00NA0', status_description="note: successful completion - index or constraint already exists. The command 'CREATE RANGE INDEX facility_name IF NOT EXISTS FOR (e:Facility) ON (e.name)' has no effect. The index or constraint specified by 'RANGE INDEX facility_name FOR (e:Facility) ON (e.name)' already exists.", position=None, raw_classification='SCHEMA', classification=<NotificationClassification.SCHEMA: 'SCHEMA'>, raw_severity='INFORMATION', severity=<NotificationSeverity.INFORMATION: 'INFORMATION'>, diagnostic_record={'_classification': 'SCHEMA', '_severity': 'INFORMATION', 'OPERATION': '', 'OPERATION_CODE': '0', 'CURRENT_SCHEMA': '/'}> for query: 'CREATE INDEX facility_name IF NOT EXISTS FOR (n:Facility) ON (n.name)'
INFO Neo4j indexes/constraints ready
INFO Running re-label ingestion (mode=test, max_files=5, skip_files=10, model=gpt://b1ggusvist6c2sia1dno/yandexgpt-5.1/latest)...
INFO Skipping first 10 file(s): BIM при подземном проектировании (обзор источников).docx, 1 Моделирование тектонических нарушений с применением связей конечной жёсткости с интеграцией в CAE Fidesys (002).docx, Доклад_Вострикова Н.М.pdf, CM_01_13.pdf, CM_01_14.pdf, ...
INFO Re-labeling existing experiment EXP-RAW-00
INFO Re-labeling existing experiment EXP-RAW-02
INFO Re-labeling existing experiment EXP-RAW-03
INFO Re-labeling existing experiment EXP-RAW-04
INFO Re-labeling existing experiment EXP-RAW-05
INFO Re-labeling existing experiment EXP-RAW-06
INFO Re-labeling existing experiment EXP-RAW-07
INFO Re-labeling existing experiment EXP-RAW-09
INFO Re-labeling existing experiment EXP-RAW-10
INFO Re-labeling existing experiment EXP-RAW-11
INFO Re-labeling existing experiment EXP-RAW-12
INFO Re-labeling existing experiment EXP-RAW-13
INFO Re-labeling existing experiment EXP-RAW-14
INFO Re-labeling existing experiment EXP-RAW-15
INFO Re-labeling existing experiment EXP-RAW-16
INFO Re-labeling existing experiment EXP-RAW-17
INFO Re-labeling existing experiment EXP-RAW-18
INFO Re-labeling existing experiment EXP-RAW-19
INFO Re-labeling existing experiment EXP-RAW-20
INFO Re-labeling existing experiment EXP-RAW-21
INFO Re-labeling existing experiment EXP-RAW-22
INFO Re-labeling existing experiment EXP-RAW-23
INFO Re-labeling existing experiment EXP-RAW-24
INFO Re-labeling existing experiment EXP-RAW-25
INFO Re-labeling existing experiment EXP-RAW-26
INFO Re-labeling existing experiment EXP-RAW-27
INFO Re-labeling existing experiment EXP-RAW-28
INFO Re-labeling existing experiment EXP-RAW-29
INFO Re-labeling existing experiment EXP-RAW-30
INFO Re-labeling existing experiment EXP-RAW-31
INFO Re-labeling existing experiment EXP-RAW-32
INFO Re-labeling existing experiment EXP-RAW-33
INFO Re-labeling existing experiment EXP-RAW-35
INFO Re-labeling existing experiment EXP-RAW-36
INFO Re-labeling existing experiment EXP-RAW-37
INFO Re-labeling existing experiment EXP-RAW-38
INFO Re-labeling existing experiment EXP-RAW-39
INFO Re-labeling existing experiment EXP-RAW-40
INFO Re-labeling existing experiment EXP-RAW-41
INFO HTTP Request: POST https://ai.api.cloud.yandex.net/v1/chat/completions "HTTP/1.1 200 OK"
INFO HTTP Request: POST https://ai.api.cloud.yandex.net/v1/chat/completions "HTTP/1.1 200 OK"
WARNING Re-label produced no experiment for EXP-RAW-02; restored previous VSA record
INFO HTTP Request: POST https://ai.api.cloud.yandex.net/v1/chat/completions "HTTP/1.1 200 OK"
WARNING Extraction attempt 1 failed validation: 1; preview='{"entities": [{"type": "Material", "value": "сера"}, {"type": "Material", "value": "металлургические сернистые газы"}, {"type": "Process", "value": "автоклавное окисление"}, {"type": "Material", "val
INFO HTTP Request: POST https://ai.api.cloud.yandex.net/v1/chat/completions "HTTP/1.1 200 OK"
WARNING Extraction attempt 2 failed validation: 1; preview='{"entities": [{"type": "Material", "value": "сера"}, {"type": "Material", "value": "металлургические сернистые газы"}, {"type": "Process", "value": "автоклавное окисление"}, {"type": "Material", "val
INFO HTTP Request: POST https://ai.api.cloud.yandex.net/v1/chat/completions "HTTP/1.1 200 OK"
INFO HTTP Request: POST https://ai.api.cloud.yandex.net/v1/chat/completions "HTTP/1.1 200 OK"
INFO Neo4j ingest ok experiment=EXP-RAW-03 latency_ms=1266.5 entities=84
INFO Neo4j ingest ok experiment=EXP-RAW-04 latency_ms=1226.9 entities=87
INFO HTTP Request: POST https://ai.api.cloud.yandex.net/v1/chat/completions "HTTP/1.1 200 OK"
WARNING Extraction attempt 3 failed validation: 1; preview='{"entities": [{"type": "Material", "value": "сера"}, {"type": "Material", "value": "металлургические сернистые газы"}, {"type": "Process", "value": "автоклавное окисление"}, {"type": "Material", "val
INFO HTTP Request: POST https://ai.api.cloud.yandex.net/v1/chat/completions "HTTP/1.1 200 OK"
INFO Neo4j ingest ok experiment=EXP-RAW-06 latency_ms=231.6 entities=17
INFO HTTP Request: POST https://ai.api.cloud.yandex.net/v1/chat/completions "HTTP/1.1 200 OK"
INFO Neo4j ingest ok experiment=EXP-RAW-05 latency_ms=490.4 entities=40
WARNING Re-label produced no experiment for EXP-RAW-00; restored previous VSA record
INFO HTTP Request: POST https://ai.api.cloud.yandex.net/v1/chat/completions "HTTP/1.1 200 OK"
INFO HTTP Request: POST https://ai.api.cloud.yandex.net/v1/chat/completions "HTTP/1.1 200 OK"
INFO Neo4j ingest ok experiment=EXP-RAW-09 latency_ms=411.3 entities=16
INFO Neo4j ingest ok experiment=EXP-RAW-07 latency_ms=1004.0 entities=52
INFO HTTP Request: POST https://ai.api.cloud.yandex.net/v1/chat/completions "HTTP/1.1 200 OK"
INFO HTTP Request: POST https://ai.api.cloud.yandex.net/v1/chat/completions "HTTP/1.1 200 OK"
INFO Neo4j ingest ok experiment=EXP-RAW-11 latency_ms=430.8 entities=14
INFO HTTP Request: POST https://ai.api.cloud.yandex.net/v1/chat/completions "HTTP/1.1 200 OK"
INFO Neo4j ingest ok experiment=EXP-RAW-10 latency_ms=522.8 entities=24
INFO HTTP Request: POST https://ai.api.cloud.yandex.net/v1/chat/completions "HTTP/1.1 200 OK"
INFO Neo4j ingest ok experiment=EXP-RAW-08 latency_ms=1056.6 entities=58
INFO Neo4j ingest ok experiment=EXP-RAW-12 latency_ms=326.7 entities=7
INFO HTTP Request: POST https://ai.api.cloud.yandex.net/v1/chat/completions "HTTP/1.1 200 OK"
INFO HTTP Request: POST https://ai.api.cloud.yandex.net/v1/chat/completions "HTTP/1.1 200 OK"
WARNING Transaction failed and will be retried in 0.9870005290098334s ({neo4j_code: Neo.TransientError.Transaction.DeadlockDetected} {message: ForsetiClient[transactionId=8269, clientId=4] can't acquire ExclusiveLock{owner=ForsetiClient[transactionId=8268, clientId=3]} on NODE(653) because holders of that lock are waiting for ForsetiClient[transactionId=8269, clientId=4].
 Wait list:ExclusiveLock[
Client[8268] waits for [ForsetiClient[transactionId=8269, clientId=4]]]} {gql_status: 50N05} {gql_status_description: error: general processing exception - deadlock detected. Deadlock detected while trying to acquire locks. See log for more details.})
INFO Neo4j ingest ok experiment=EXP-RAW-13 latency_ms=595.6 entities=33
INFO HTTP Request: POST https://ai.api.cloud.yandex.net/v1/chat/completions "HTTP/1.1 200 OK"
INFO Neo4j ingest ok experiment=EXP-RAW-14 latency_ms=394.4 entities=28
INFO Neo4j ingest ok experiment=EXP-RAW-15 latency_ms=1738.7 entities=18
INFO HTTP Request: POST https://ai.api.cloud.yandex.net/v1/chat/completions "HTTP/1.1 200 OK"
INFO Neo4j ingest ok experiment=EXP-RAW-16 latency_ms=325.3 entities=24
INFO HTTP Request: POST https://ai.api.cloud.yandex.net/v1/chat/completions "HTTP/1.1 200 OK"
INFO Neo4j ingest ok experiment=EXP-RAW-17 latency_ms=311.4 entities=23
INFO HTTP Request: POST https://ai.api.cloud.yandex.net/v1/chat/completions "HTTP/1.1 200 OK"
INFO Neo4j ingest ok experiment=EXP-RAW-18 latency_ms=422.8 entities=34
INFO HTTP Request: POST https://ai.api.cloud.yandex.net/v1/chat/completions "HTTP/1.1 200 OK"
INFO Neo4j ingest ok experiment=EXP-RAW-20 latency_ms=227.3 entities=16
INFO HTTP Request: POST https://ai.api.cloud.yandex.net/v1/chat/completions "HTTP/1.1 200 OK"
INFO HTTP Request: POST https://ai.api.cloud.yandex.net/v1/chat/completions "HTTP/1.1 200 OK"
INFO Neo4j ingest ok experiment=EXP-RAW-19 latency_ms=618.5 entities=26
INFO Neo4j ingest ok experiment=EXP-RAW-21 latency_ms=348.5 entities=17
INFO HTTP Request: POST https://ai.api.cloud.yandex.net/v1/chat/completions "HTTP/1.1 200 OK"
INFO HTTP Request: POST https://ai.api.cloud.yandex.net/v1/chat/completions "HTTP/1.1 200 OK"
INFO Neo4j ingest ok experiment=EXP-RAW-23 latency_ms=482.1 entities=24
INFO HTTP Request: POST https://ai.api.cloud.yandex.net/v1/chat/completions "HTTP/1.1 200 OK"
INFO Neo4j ingest ok experiment=EXP-RAW-22 latency_ms=800.8 entities=25
INFO Neo4j ingest ok experiment=EXP-RAW-24 latency_ms=490.2 entities=23
INFO HTTP Request: POST https://ai.api.cloud.yandex.net/v1/chat/completions "HTTP/1.1 200 OK"
INFO HTTP Request: POST https://ai.api.cloud.yandex.net/v1/chat/completions "HTTP/1.1 200 OK"
INFO Neo4j ingest ok experiment=EXP-RAW-27 latency_ms=414.0 entities=19
INFO HTTP Request: POST https://ai.api.cloud.yandex.net/v1/chat/completions "HTTP/1.1 200 OK"
INFO Neo4j ingest ok experiment=EXP-RAW-26 latency_ms=593.5 entities=19
INFO Neo4j ingest ok experiment=EXP-RAW-25 latency_ms=602.7 entities=26
INFO HTTP Request: POST https://ai.api.cloud.yandex.net/v1/chat/completions "HTTP/1.1 200 OK"
INFO HTTP Request: POST https://ai.api.cloud.yandex.net/v1/chat/completions "HTTP/1.1 200 OK"
INFO HTTP Request: POST https://ai.api.cloud.yandex.net/v1/chat/completions "HTTP/1.1 200 OK"
INFO Neo4j ingest ok experiment=EXP-RAW-30 latency_ms=830.8 entities=36
INFO Neo4j ingest ok experiment=EXP-RAW-29 latency_ms=729.6 entities=40
INFO Neo4j ingest ok experiment=EXP-RAW-28 latency_ms=1660.6 entities=37
INFO HTTP Request: POST https://ai.api.cloud.yandex.net/v1/chat/completions "HTTP/1.1 200 OK"
INFO Neo4j ingest ok experiment=EXP-RAW-33 latency_ms=287.4 entities=23
INFO HTTP Request: POST https://ai.api.cloud.yandex.net/v1/chat/completions "HTTP/1.1 200 OK"
INFO HTTP Request: POST https://ai.api.cloud.yandex.net/v1/chat/completions "HTTP/1.1 200 OK"
INFO Neo4j ingest ok experiment=EXP-RAW-32 latency_ms=589.4 entities=24
INFO Neo4j ingest ok experiment=EXP-RAW-31 latency_ms=544.8 entities=31
INFO HTTP Request: POST https://ai.api.cloud.yandex.net/v1/chat/completions "HTTP/1.1 200 OK"
INFO Neo4j ingest ok experiment=EXP-RAW-34 latency_ms=201.1 entities=15
INFO HTTP Request: POST https://ai.api.cloud.yandex.net/v1/chat/completions "HTTP/1.1 200 OK"
INFO Neo4j ingest ok experiment=EXP-RAW-35 latency_ms=418.7 entities=30
INFO HTTP Request: POST https://ai.api.cloud.yandex.net/v1/chat/completions "HTTP/1.1 200 OK"
INFO Neo4j ingest ok experiment=EXP-RAW-36 latency_ms=368.3 entities=22
INFO HTTP Request: POST https://ai.api.cloud.yandex.net/v1/chat/completions "HTTP/1.1 200 OK"
INFO Neo4j ingest ok experiment=EXP-RAW-37 latency_ms=244.3 entities=20
INFO HTTP Request: POST https://ai.api.cloud.yandex.net/v1/chat/completions "HTTP/1.1 200 OK"
INFO Neo4j ingest ok experiment=EXP-RAW-38 latency_ms=235.7 entities=19
INFO HTTP Request: POST https://ai.api.cloud.yandex.net/v1/chat/completions "HTTP/1.1 200 OK"
INFO Neo4j ingest ok experiment=EXP-RAW-39 latency_ms=392.8 entities=29
INFO HTTP Request: POST https://ai.api.cloud.yandex.net/v1/chat/completions "HTTP/1.1 200 OK"
INFO Neo4j ingest ok experiment=EXP-RAW-40 latency_ms=366.6 entities=27
INFO HTTP Request: POST https://ai.api.cloud.yandex.net/v1/chat/completions "HTTP/1.1 200 OK"
INFO Neo4j ingest ok experiment=EXP-RAW-41 latency_ms=424.6 entities=31
INFO HTTP Request: POST https://ai.api.cloud.yandex.net/v1/chat/completions "HTTP/1.1 200 OK"
INFO Neo4j ingest ok experiment=EXP-RAW-42 latency_ms=391.7 entities=23
INFO HTTP Request: POST https://ai.api.cloud.yandex.net/v1/chat/completions "HTTP/1.1 200 OK"
INFO Neo4j ingest ok experiment=EXP-RAW-43 latency_ms=485.8 entities=32
INFO HTTP Request: POST https://ai.api.cloud.yandex.net/v1/chat/completions "HTTP/1.1 200 OK"
INFO Neo4j ingest ok experiment=EXP-RAW-45 latency_ms=305.9 entities=24
INFO HTTP Request: POST https://ai.api.cloud.yandex.net/v1/chat/completions "HTTP/1.1 200 OK"
INFO Neo4j ingest ok experiment=EXP-RAW-44 latency_ms=454.8 entities=35
INFO HTTP Request: POST https://ai.api.cloud.yandex.net/v1/chat/completions "HTTP/1.1 200 OK"
INFO Neo4j ingest ok experiment=EXP-RAW-46 latency_ms=354.9 entities=28
INFO HTTP Request: POST https://ai.api.cloud.yandex.net/v1/chat/completions "HTTP/1.1 200 OK"
INFO Neo4j ingest ok experiment=EXP-RAW-47 latency_ms=453.4 entities=37
INFO HTTP Request: POST https://ai.api.cloud.yandex.net/v1/chat/completions "HTTP/1.1 200 OK"
INFO Neo4j ingest ok experiment=EXP-RAW-48 latency_ms=400.0 entities=30
INFO HTTP Request: POST https://ai.api.cloud.yandex.net/v1/chat/completions "HTTP/1.1 200 OK"
INFO HTTP Request: POST https://ai.api.cloud.yandex.net/v1/chat/completions "HTTP/1.1 200 OK"
INFO Neo4j ingest ok experiment=EXP-RAW-49 latency_ms=733.1 entities=36
INFO Neo4j ingest ok experiment=EXP-RAW-50 latency_ms=807.8 entities=24
INFO HTTP Request: POST https://ai.api.cloud.yandex.net/v1/chat/completions "HTTP/1.1 200 OK"
INFO Neo4j ingest ok experiment=EXP-RAW-51 latency_ms=366.0 entities=27
INFO HTTP Request: POST https://ai.api.cloud.yandex.net/v1/chat/completions "HTTP/1.1 200 OK"
INFO Neo4j ingest ok experiment=EXP-RAW-52 latency_ms=256.1 entities=16
INFO HTTP Request: POST https://ai.api.cloud.yandex.net/v1/chat/completions "HTTP/1.1 200 OK"
INFO Neo4j ingest ok experiment=EXP-RAW-53 latency_ms=236.3 entities=17
INFO HTTP Request: POST https://ai.api.cloud.yandex.net/v1/chat/completions "HTTP/1.1 200 OK"
INFO Neo4j ingest ok experiment=EXP-RAW-54 latency_ms=244.9 entities=18
INFO HTTP Request: POST https://ai.api.cloud.yandex.net/v1/chat/completions "HTTP/1.1 200 OK"
INFO Neo4j ingest ok experiment=EXP-RAW-55 latency_ms=283.1 entities=20
INFO HTTP Request: POST https://ai.api.cloud.yandex.net/v1/chat/completions "HTTP/1.1 200 OK"
INFO HTTP Request: POST https://ai.api.cloud.yandex.net/v1/chat/completions "HTTP/1.1 200 OK"
INFO HTTP Request: POST https://ai.api.cloud.yandex.net/v1/chat/completions "HTTP/1.1 200 OK"
INFO Neo4j ingest ok experiment=EXP-RAW-56 latency_ms=496.4 entities=22
INFO Neo4j ingest ok experiment=EXP-RAW-59 latency_ms=367.3 entities=8
INFO HTTP Request: POST https://ai.api.cloud.yandex.net/v1/chat/completions "HTTP/1.1 200 OK"
INFO HTTP Request: POST https://ai.api.cloud.yandex.net/v1/chat/completions "HTTP/1.1 200 OK"
INFO Neo4j ingest ok experiment=EXP-RAW-57 latency_ms=609.5 entities=30
INFO Neo4j ingest ok experiment=EXP-RAW-60 latency_ms=508.3 entities=11
INFO HTTP Request: POST https://ai.api.cloud.yandex.net/v1/chat/completions "HTTP/1.1 200 OK"
INFO HTTP Request: POST https://ai.api.cloud.yandex.net/v1/chat/completions "HTTP/1.1 200 OK"
INFO Neo4j ingest ok experiment=EXP-RAW-61 latency_ms=520.2 entities=17
INFO Neo4j ingest ok experiment=EXP-RAW-62 latency_ms=471.3 entities=8
INFO HTTP Request: POST https://ai.api.cloud.yandex.net/v1/chat/completions "HTTP/1.1 200 OK"
INFO HTTP Request: POST https://ai.api.cloud.yandex.net/v1/chat/completions "HTTP/1.1 200 OK"
INFO HTTP Request: POST https://ai.api.cloud.yandex.net/v1/chat/completions "HTTP/1.1 200 OK"
INFO Neo4j ingest ok experiment=EXP-RAW-63 latency_ms=142.9 entities=10
INFO HTTP Request: POST https://ai.api.cloud.yandex.net/v1/chat/completions "HTTP/1.1 200 OK"
INFO HTTP Request: POST https://ai.api.cloud.yandex.net/v1/chat/completions "HTTP/1.1 200 OK"
INFO HTTP Request: POST https://ai.api.cloud.yandex.net/v1/chat/completions "HTTP/1.1 200 OK"
INFO Neo4j ingest ok experiment=EXP-RAW-70 latency_ms=434.8 entities=28
INFO HTTP Request: POST https://ai.api.cloud.yandex.net/v1/chat/completions "HTTP/1.1 200 OK"
INFO HTTP Request: POST https://ai.api.cloud.yandex.net/v1/chat/completions "HTTP/1.1 200 OK"
INFO Neo4j ingest ok experiment=EXP-RAW-69 latency_ms=578.2 entities=29
INFO Neo4j ingest ok experiment=EXP-RAW-68 latency_ms=649.4 entities=26
INFO HTTP Request: POST https://ai.api.cloud.yandex.net/v1/chat/completions "HTTP/1.1 200 OK"
INFO Neo4j ingest ok experiment=EXP-RAW-73 latency_ms=88.7 entities=6
INFO HTTP Request: POST https://ai.api.cloud.yandex.net/v1/chat/completions "HTTP/1.1 200 OK"
INFO HTTP Request: POST https://ai.api.cloud.yandex.net/v1/chat/completions "HTTP/1.1 200 OK"
INFO Neo4j ingest ok experiment=EXP-RAW-72 latency_ms=352.8 entities=11
INFO Neo4j ingest ok experiment=EXP-RAW-71 latency_ms=565.0 entities=31
INFO HTTP Request: POST https://ai.api.cloud.yandex.net/v1/chat/completions "HTTP/1.1 200 OK"
WARNING Extraction attempt 1 failed validation: 2; preview='{"entities": [{"type": "Material", "value": "хром"}, {"type": "Material", "value": "кремний"}, {"type": "Material", "value": "алюминий"}, {"type": "Material", "value": "бор"}, {"type": "Material", "v
INFO HTTP Request: POST https://ai.api.cloud.yandex.net/v1/chat/completions "HTTP/1.1 200 OK"
INFO Neo4j ingest ok experiment=EXP-RAW-76 latency_ms=427.6 entities=33
INFO HTTP Request: POST https://ai.api.cloud.yandex.net/v1/chat/completions "HTTP/1.1 200 OK"
INFO Neo4j ingest ok experiment=EXP-RAW-75 latency_ms=485.1 entities=36
INFO HTTP Request: POST https://ai.api.cloud.yandex.net/v1/chat/completions "HTTP/1.1 200 OK"
INFO Neo4j ingest ok experiment=EXP-RAW-74 latency_ms=379.7 entities=29
INFO HTTP Request: POST https://ai.api.cloud.yandex.net/v1/chat/completions "HTTP/1.1 200 OK"
INFO HTTP Request: POST https://ai.api.cloud.yandex.net/v1/chat/completions "HTTP/1.1 200 OK"
INFO Neo4j ingest ok experiment=EXP-RAW-77 latency_ms=525.7 entities=32
INFO Neo4j ingest ok experiment=EXP-RAW-78 latency_ms=984.5 entities=17
INFO HTTP Request: POST https://ai.api.cloud.yandex.net/v1/chat/completions "HTTP/1.1 200 OK"
INFO Neo4j ingest ok experiment=EXP-RAW-79 latency_ms=355.9 entities=23
INFO HTTP Request: POST https://ai.api.cloud.yandex.net/v1/chat/completions "HTTP/1.1 200 OK"
INFO Neo4j ingest ok experiment=EXP-RAW-80 latency_ms=375.1 entities=28
INFO HTTP Request: POST https://ai.api.cloud.yandex.net/v1/chat/completions "HTTP/1.1 200 OK"
WARNING Extraction attempt 1 failed validation: 3; preview='{"entities": [{"type": "Material", "value": "порошок сплава Inconel 718"}, {"type": "Material", "value": "азот"}, {"type": "Material", "value": "аргон"}, {"type": "Process", "value": "СЛП (селективно
INFO HTTP Request: POST https://ai.api.cloud.yandex.net/v1/chat/completions "HTTP/1.1 200 OK"
INFO HTTP Request: POST https://ai.api.cloud.yandex.net/v1/chat/completions "HTTP/1.1 200 OK"
INFO Neo4j ingest ok experiment=EXP-RAW-82 latency_ms=453.0 entities=19
INFO Neo4j ingest ok experiment=EXP-RAW-83 latency_ms=233.6 entities=14
INFO HTTP Request: POST https://ai.api.cloud.yandex.net/v1/chat/completions "HTTP/1.1 200 OK"
INFO Neo4j ingest ok experiment=EXP-RAW-84 latency_ms=205.5 entities=15
INFO HTTP Request: POST https://ai.api.cloud.yandex.net/v1/chat/completions "HTTP/1.1 200 OK"
INFO Neo4j ingest ok experiment=EXP-RAW-85 latency_ms=451.9 entities=27
INFO HTTP Request: POST https://ai.api.cloud.yandex.net/v1/chat/completions "HTTP/1.1 200 OK"
WARNING Extraction attempt 2 failed validation: 3; preview='{"entities": [{"type": "Material", "value": "порошок сплава Inconel 718"}, {"type": "Material", "value": "азот"}, {"type": "Material", "value": "аргон"}, {"type": "Process", "value": "СЛП (селективно
INFO HTTP Request: POST https://ai.api.cloud.yandex.net/v1/chat/completions "HTTP/1.1 200 OK"
INFO Neo4j ingest ok experiment=EXP-RAW-86 latency_ms=506.1 entities=38
INFO HTTP Request: POST https://ai.api.cloud.yandex.net/v1/chat/completions "HTTP/1.1 200 OK"
INFO Neo4j ingest ok experiment=EXP-RAW-87 latency_ms=415.9 entities=32
INFO HTTP Request: POST https://ai.api.cloud.yandex.net/v1/chat/completions "HTTP/1.1 200 OK"
INFO Neo4j ingest ok experiment=EXP-RAW-88 latency_ms=349.2 entities=26
INFO HTTP Request: POST https://ai.api.cloud.yandex.net/v1/chat/completions "HTTP/1.1 200 OK"
INFO HTTP Request: POST https://ai.api.cloud.yandex.net/v1/chat/completions "HTTP/1.1 200 OK"
INFO Neo4j ingest ok experiment=EXP-RAW-81 latency_ms=589.4 entities=28
INFO Neo4j ingest ok experiment=EXP-RAW-89 latency_ms=714.7 entities=24
INFO HTTP Request: POST https://ai.api.cloud.yandex.net/v1/chat/completions "HTTP/1.1 200 OK"
INFO Neo4j ingest ok experiment=EXP-RAW-90 latency_ms=434.7 entities=27
INFO HTTP Request: POST https://ai.api.cloud.yandex.net/v1/chat/completions "HTTP/1.1 200 OK"
INFO Neo4j ingest ok experiment=EXP-RAW-92 latency_ms=350.3 entities=22
INFO HTTP Request: POST https://ai.api.cloud.yandex.net/v1/chat/completions "HTTP/1.1 200 OK"
INFO Neo4j ingest ok experiment=EXP-RAW-91 latency_ms=314.6 entities=23
INFO HTTP Request: POST https://ai.api.cloud.yandex.net/v1/chat/completions "HTTP/1.1 200 OK"
INFO Neo4j ingest ok experiment=EXP-RAW-93 latency_ms=489.5 entities=37
INFO HTTP Request: POST https://ai.api.cloud.yandex.net/v1/chat/completions "HTTP/1.1 200 OK"
INFO HTTP Request: POST https://ai.api.cloud.yandex.net/v1/chat/completions "HTTP/1.1 200 OK"
INFO Neo4j ingest ok experiment=EXP-RAW-95 latency_ms=792.6 entities=40
INFO Neo4j ingest ok experiment=EXP-RAW-94 latency_ms=561.9 entities=33
INFO HTTP Request: POST https://ai.api.cloud.yandex.net/v1/chat/completions "HTTP/1.1 200 OK"
INFO HTTP Request: POST https://ai.api.cloud.yandex.net/v1/chat/completions "HTTP/1.1 200 OK"
INFO HTTP Request: POST https://ai.api.cloud.yandex.net/v1/chat/completions "HTTP/1.1 200 OK"
INFO Neo4j ingest ok experiment=EXP-RAW-96 latency_ms=387.1 entities=24
INFO HTTP Request: POST https://ai.api.cloud.yandex.net/v1/chat/completions "HTTP/1.1 200 OK"
INFO Neo4j ingest ok experiment=EXP-RAW-97 latency_ms=248.6 entities=14
INFO Re-labeling existing experiment EXP-RAW-00
INFO Re-labeling existing experiment EXP-RAW-02
INFO Re-labeling existing experiment EXP-RAW-03
INFO Re-labeling existing experiment EXP-RAW-04
INFO Re-labeling existing experiment EXP-RAW-05
INFO Re-labeling existing experiment EXP-RAW-06
INFO Re-labeling existing experiment EXP-RAW-07
INFO Re-labeling existing experiment EXP-RAW-08
INFO Re-labeling existing experiment EXP-RAW-09
INFO Re-labeling existing experiment EXP-RAW-10
INFO Re-labeling existing experiment EXP-RAW-11
INFO Re-labeling existing experiment EXP-RAW-12
INFO Re-labeling existing experiment EXP-RAW-13
INFO Re-labeling existing experiment EXP-RAW-14
INFO Re-labeling existing experiment EXP-RAW-15
INFO Re-labeling existing experiment EXP-RAW-16
INFO Re-labeling existing experiment EXP-RAW-17
INFO Re-labeling existing experiment EXP-RAW-18
INFO Re-labeling existing experiment EXP-RAW-19
INFO Re-labeling existing experiment EXP-RAW-20
INFO Re-labeling existing experiment EXP-RAW-21
INFO Re-labeling existing experiment EXP-RAW-22
INFO Re-labeling existing experiment EXP-RAW-23
INFO Re-labeling existing experiment EXP-RAW-24
INFO Re-labeling existing experiment EXP-RAW-25
INFO Re-labeling existing experiment EXP-RAW-26
INFO Re-labeling existing experiment EXP-RAW-27
INFO Re-labeling existing experiment EXP-RAW-28
INFO Re-labeling existing experiment EXP-RAW-29
INFO Re-labeling existing experiment EXP-RAW-30
INFO Re-labeling existing experiment EXP-RAW-31
INFO Re-labeling existing experiment EXP-RAW-32
INFO Re-labeling existing experiment EXP-RAW-33
INFO Re-labeling existing experiment EXP-RAW-34
INFO Re-labeling existing experiment EXP-RAW-35
INFO Re-labeling existing experiment EXP-RAW-36
INFO Re-labeling existing experiment EXP-RAW-37
INFO Re-labeling existing experiment EXP-RAW-38
INFO Re-labeling existing experiment EXP-RAW-39
INFO Re-labeling existing experiment EXP-RAW-40
INFO Re-labeling existing experiment EXP-RAW-41
INFO Re-labeling existing experiment EXP-RAW-42
INFO Re-labeling existing experiment EXP-RAW-43
INFO Re-labeling existing experiment EXP-RAW-44
INFO Re-labeling existing experiment EXP-RAW-45
INFO Re-labeling existing experiment EXP-RAW-46
INFO Re-labeling existing experiment EXP-RAW-47
INFO Re-labeling existing experiment EXP-RAW-48
INFO Re-labeling existing experiment EXP-RAW-49
INFO Re-labeling existing experiment EXP-RAW-50
INFO Re-labeling existing experiment EXP-RAW-51
INFO Re-labeling existing experiment EXP-RAW-52
INFO Re-labeling existing experiment EXP-RAW-53
INFO Re-labeling existing experiment EXP-RAW-54
INFO Re-labeling existing experiment EXP-RAW-55
INFO Re-labeling existing experiment EXP-RAW-56
INFO Re-labeling existing experiment EXP-RAW-57
INFO Re-labeling existing experiment EXP-RAW-59
INFO Re-labeling existing experiment EXP-RAW-60
INFO Re-labeling existing experiment EXP-RAW-61
INFO Re-labeling existing experiment EXP-RAW-62
INFO Re-labeling existing experiment EXP-RAW-63
INFO Re-labeling existing experiment EXP-RAW-68
INFO Re-labeling existing experiment EXP-RAW-69
INFO Re-labeling existing experiment EXP-RAW-70
INFO Re-labeling existing experiment EXP-RAW-71
INFO Re-labeling existing experiment EXP-RAW-72
INFO Re-labeling existing experiment EXP-RAW-73
INFO Re-labeling existing experiment EXP-RAW-74
INFO Re-labeling existing experiment EXP-RAW-75
INFO Re-labeling existing experiment EXP-RAW-76
INFO Re-labeling existing experiment EXP-RAW-77
INFO Re-labeling existing experiment EXP-RAW-78
INFO Re-labeling existing experiment EXP-RAW-79
INFO Re-labeling existing experiment EXP-RAW-80
INFO Re-labeling existing experiment EXP-RAW-81
INFO Re-labeling existing experiment EXP-RAW-82
INFO Re-labeling existing experiment EXP-RAW-83
INFO Re-labeling existing experiment EXP-RAW-84
INFO Re-labeling existing experiment EXP-RAW-85
INFO Re-labeling existing experiment EXP-RAW-86
INFO Re-labeling existing experiment EXP-RAW-87
INFO Re-labeling existing experiment EXP-RAW-88
INFO Re-labeling existing experiment EXP-RAW-89
INFO Re-labeling existing experiment EXP-RAW-90
INFO Re-labeling existing experiment EXP-RAW-91
INFO Re-labeling existing experiment EXP-RAW-92
INFO Re-labeling existing experiment EXP-RAW-93
INFO Re-labeling existing experiment EXP-RAW-94
INFO Re-labeling existing experiment EXP-RAW-95
INFO Re-labeling existing experiment EXP-RAW-96
INFO Re-labeling existing experiment EXP-RAW-97
INFO Re-labeling existing experiment EXP-RAW-100
INFO HTTP Request: POST https://ai.api.cloud.yandex.net/v1/chat/completions "HTTP/1.1 200 OK"
INFO Neo4j ingest ok experiment=EXP-RAW-00 latency_ms=36.5 entities=2
INFO HTTP Request: POST https://ai.api.cloud.yandex.net/v1/chat/completions "HTTP/1.1 200 OK"
INFO Neo4j ingest ok experiment=EXP-RAW-01 latency_ms=92.3 entities=6
INFO HTTP Request: POST https://ai.api.cloud.yandex.net/v1/chat/completions "HTTP/1.1 200 OK"
INFO Neo4j ingest ok experiment=EXP-RAW-02 latency_ms=194.5 entities=14
INFO HTTP Request: POST https://ai.api.cloud.yandex.net/v1/chat/completions "HTTP/1.1 200 OK"
INFO HTTP Request: POST https://ai.api.cloud.yandex.net/v1/chat/completions "HTTP/1.1 200 OK"
INFO Neo4j ingest ok experiment=EXP-RAW-05 latency_ms=307.5 entities=9
INFO Neo4j ingest ok experiment=EXP-RAW-03 latency_ms=384.4 entities=27
INFO HTTP Request: POST https://ai.api.cloud.yandex.net/v1/chat/completions "HTTP/1.1 200 OK"
INFO Neo4j ingest ok experiment=EXP-RAW-06 latency_ms=109.3 entities=7
INFO HTTP Request: POST https://ai.api.cloud.yandex.net/v1/chat/completions "HTTP/1.1 200 OK"
INFO Neo4j ingest ok experiment=EXP-RAW-07 latency_ms=188.7 entities=13
INFO HTTP Request: POST https://ai.api.cloud.yandex.net/v1/chat/completions "HTTP/1.1 200 OK"
INFO Neo4j ingest ok experiment=EXP-RAW-09 latency_ms=78.9 entities=5
INFO HTTP Request: POST https://ai.api.cloud.yandex.net/v1/chat/completions "HTTP/1.1 200 OK"
INFO HTTP Request: POST https://ai.api.cloud.yandex.net/v1/chat/completions "HTTP/1.1 200 OK"
INFO Neo4j ingest ok experiment=EXP-RAW-08 latency_ms=390.6 entities=11
INFO Neo4j ingest ok experiment=EXP-RAW-10 latency_ms=398.2 entities=14
INFO HTTP Request: POST https://ai.api.cloud.yandex.net/v1/chat/completions "HTTP/1.1 200 OK"
INFO Neo4j ingest ok experiment=EXP-RAW-11 latency_ms=120.2 entities=7
INFO HTTP Request: POST https://ai.api.cloud.yandex.net/v1/chat/completions "HTTP/1.1 200 OK"
INFO Neo4j ingest ok experiment=EXP-RAW-04 latency_ms=1024.7 entities=77
INFO HTTP Request: POST https://ai.api.cloud.yandex.net/v1/chat/completions "HTTP/1.1 200 OK"
INFO Neo4j ingest ok experiment=EXP-RAW-12 latency_ms=258.1 entities=18
INFO HTTP Request: POST https://ai.api.cloud.yandex.net/v1/chat/completions "HTTP/1.1 200 OK"
INFO Neo4j ingest ok experiment=EXP-RAW-13 latency_ms=486.0 entities=36
INFO HTTP Request: POST https://ai.api.cloud.yandex.net/v1/chat/completions "HTTP/1.1 200 OK"
INFO Neo4j ingest ok experiment=EXP-RAW-15 latency_ms=394.5 entities=29
INFO HTTP Request: POST https://ai.api.cloud.yandex.net/v1/chat/completions "HTTP/1.1 200 OK"
INFO Neo4j ingest ok experiment=EXP-RAW-14 latency_ms=553.1 entities=40
INFO HTTP Request: POST https://ai.api.cloud.yandex.net/v1/chat/completions "HTTP/1.1 200 OK"
INFO Neo4j ingest ok experiment=EXP-RAW-16 latency_ms=380.9 entities=20
INFO HTTP Request: POST https://ai.api.cloud.yandex.net/v1/chat/completions "HTTP/1.1 200 OK"
INFO Neo4j ingest ok experiment=EXP-RAW-17 latency_ms=404.4 entities=22
INFO HTTP Request: POST https://ai.api.cloud.yandex.net/v1/chat/completions "HTTP/1.1 200 OK"
INFO Neo4j ingest ok experiment=EXP-RAW-18 latency_ms=382.3 entities=24
INFO HTTP Request: POST https://ai.api.cloud.yandex.net/v1/chat/completions "HTTP/1.1 200 OK"
WARNING Re-label produced no experiment for EXP-RAW-21; restored previous VSA record
INFO HTTP Request: POST https://ai.api.cloud.yandex.net/v1/chat/completions "HTTP/1.1 200 OK"
INFO HTTP Request: POST https://ai.api.cloud.yandex.net/v1/chat/completions "HTTP/1.1 200 OK"
WARNING Re-label produced no experiment for EXP-RAW-22; restored previous VSA record
INFO HTTP Request: POST https://ai.api.cloud.yandex.net/v1/chat/completions "HTTP/1.1 200 OK"
INFO Neo4j ingest ok experiment=EXP-RAW-20 latency_ms=342.4 entities=8
INFO Neo4j ingest ok experiment=EXP-RAW-19 latency_ms=355.8 entities=13
INFO HTTP Request: POST https://ai.api.cloud.yandex.net/v1/chat/completions "HTTP/1.1 200 OK"
INFO HTTP Request: POST https://ai.api.cloud.yandex.net/v1/chat/completions "HTTP/1.1 200 OK"
INFO Neo4j ingest ok experiment=EXP-RAW-23 latency_ms=590.6 entities=27
INFO Neo4j ingest ok experiment=EXP-RAW-24 latency_ms=562.6 entities=24
INFO HTTP Request: POST https://ai.api.cloud.yandex.net/v1/chat/completions "HTTP/1.1 200 OK"
INFO Neo4j ingest ok experiment=EXP-RAW-25 latency_ms=435.8 entities=31
INFO HTTP Request: POST https://ai.api.cloud.yandex.net/v1/chat/completions "HTTP/1.1 200 OK"
INFO Neo4j ingest ok experiment=EXP-RAW-28 latency_ms=280.5 entities=14
INFO HTTP Request: POST https://ai.api.cloud.yandex.net/v1/chat/completions "HTTP/1.1 200 OK"
WARNING Extraction attempt 1 failed validation: 3; preview='{"entities": [{"type": "Material", "value": "U"}, {"type": "Material", "value": "Pu"}, {"type": "Material", "value": "Nb"}, {"type": "Material", "value": "Та"}, {"type": "Material", "value": "Zr"}, {
INFO HTTP Request: POST https://ai.api.cloud.yandex.net/v1/chat/completions "HTTP/1.1 200 OK"
INFO Neo4j ingest ok experiment=EXP-RAW-26 latency_ms=652.3 entities=49
INFO HTTP Request: POST https://ai.api.cloud.yandex.net/v1/chat/completions "HTTP/1.1 200 OK"
INFO Neo4j ingest ok experiment=EXP-RAW-29 latency_ms=413.5 entities=30
INFO HTTP Request: POST https://ai.api.cloud.yandex.net/v1/chat/completions "HTTP/1.1 200 OK"
INFO Neo4j ingest ok experiment=EXP-RAW-30 latency_ms=198.4 entities=13
INFO HTTP Request: POST https://ai.api.cloud.yandex.net/v1/chat/completions "HTTP/1.1 200 OK"
INFO Neo4j ingest ok experiment=EXP-RAW-31 latency_ms=228.7 entities=15
INFO HTTP Request: POST https://ai.api.cloud.yandex.net/v1/chat/completions "HTTP/1.1 200 OK"
WARNING Extraction attempt 2 failed validation: 3; preview='{"entities": [{"type": "Material", "value": "U"}, {"type": "Material", "value": "Pu"}, {"type": "Material", "value": "Nb"}, {"type": "Material", "value": "Та"}, {"type": "Material", "value": "Zr"}, {
INFO HTTP Request: POST https://ai.api.cloud.yandex.net/v1/chat/completions "HTTP/1.1 200 OK"
WARNING Extraction attempt 1 failed validation: 1; preview='{"entities": [{"type": "Material", "value": "трихлорид плутония"}, {"type": "Material", "value": "хлориды магния"}, {"type": "Material", "value": "хлориды никеля"}, {"type": "Material", "value": "хло
INFO HTTP Request: POST https://ai.api.cloud.yandex.net/v1/chat/completions "HTTP/1.1 200 OK"
INFO Neo4j ingest ok experiment=EXP-RAW-33 latency_ms=389.3 entities=26
INFO HTTP Request: POST https://ai.api.cloud.yandex.net/v1/chat/completions "HTTP/1.1 200 OK"
INFO HTTP Request: POST https://ai.api.cloud.yandex.net/v1/chat/completions "HTTP/1.1 200 OK"
WARNING Extraction attempt 2 failed validation: 3; preview='{"entities": [{"type": "Material", "value": "трихлорид плутония"}, {"type": "Material", "value": "хлориды магния"}, {"type": "Material", "value": "хлориды никеля"}, {"type": "Material", "value": "хло
INFO Neo4j ingest ok experiment=EXP-RAW-34 latency_ms=467.2 entities=31
INFO HTTP Request: POST https://ai.api.cloud.yandex.net/v1/chat/completions "HTTP/1.1 200 OK"
INFO Neo4j ingest ok experiment=EXP-RAW-35 latency_ms=346.8 entities=23
INFO HTTP Request: POST https://ai.api.cloud.yandex.net/v1/chat/completions "HTTP/1.1 200 OK"
WARNING Extraction attempt 3 failed validation: 3; preview='{"entities": [{"type": "Material", "value": "U"}, {"type": "Material", "value": "Pu"}, {"type": "Material", "value": "Nb"}, {"type": "Material", "value": "Та"}, {"type": "Material", "value": "Zr"}, {
INFO HTTP Request: POST https://ai.api.cloud.yandex.net/v1/chat/completions "HTTP/1.1 200 OK"
WARNING Extraction attempt 1 failed validation: 1; preview='{"entities": [{"type": "Material", "value": "фтор"}, {"type": "Material", "value": "уран"}, {"type": "Material", "value": "гексафторид урана (UF6)"}, {"type": "Material", "value": "оксиды урана"}, {"
INFO HTTP Request: POST https://ai.api.cloud.yandex.net/v1/chat/completions "HTTP/1.1 200 OK"
WARNING Extraction attempt 3 failed validation: 3; preview='{"entities": [{"type": "Material", "value": "трихлорид плутония"}, {"type": "Material", "value": "хлориды магния"}, {"type": "Material", "value": "хлориды никеля"}, {"type": "Material", "value": "хло
WARNING Re-label produced no experiment for EXP-RAW-27; restored previous VSA record
INFO HTTP Request: POST https://ai.api.cloud.yandex.net/v1/chat/completions "HTTP/1.1 200 OK"
WARNING Extraction attempt 2 failed validation: 1; preview='{"entities": [{"type": "Material", "value": "фтор"}, {"type": "Material", "value": "уран"}, {"type": "Material", "value": "гексафторид урана (UF6)"}, {"type": "Material", "value": "оксиды урана"}, {"
INFO HTTP Request: POST https://ai.api.cloud.yandex.net/v1/chat/completions "HTTP/1.1 200 OK"
WARNING Re-label produced no experiment for EXP-RAW-32; restored previous VSA record
INFO Neo4j ingest ok experiment=EXP-RAW-37 latency_ms=528.3 entities=33
INFO HTTP Request: POST https://ai.api.cloud.yandex.net/v1/chat/completions "HTTP/1.1 200 OK"
INFO Neo4j ingest ok experiment=EXP-RAW-39 latency_ms=308.9 entities=18
INFO HTTP Request: POST https://ai.api.cloud.yandex.net/v1/chat/completions "HTTP/1.1 200 OK"
WARNING Extraction attempt 3 failed validation: 1; preview='{"entities": [{"type": "Material", "value": "фтор"}, {"type": "Material", "value": "уран"}, {"type": "Material", "value": "гексафторид урана (UF6)"}, {"type": "Material", "value": "оксиды урана"}, {"
INFO HTTP Request: POST https://ai.api.cloud.yandex.net/v1/chat/completions "HTTP/1.1 200 OK"
INFO Neo4j ingest ok experiment=EXP-RAW-38 latency_ms=481.5 entities=34
INFO HTTP Request: POST https://ai.api.cloud.yandex.net/v1/chat/completions "HTTP/1.1 200 OK"
INFO Neo4j ingest ok experiment=EXP-RAW-40 latency_ms=367.0 entities=24
INFO HTTP Request: POST https://ai.api.cloud.yandex.net/v1/chat/completions "HTTP/1.1 200 OK"
WARNING Re-label produced no experiment for EXP-RAW-36; restored previous VSA record
INFO HTTP Request: POST https://ai.api.cloud.yandex.net/v1/chat/completions "HTTP/1.1 200 OK"
INFO Neo4j ingest ok experiment=EXP-RAW-41 latency_ms=707.2 entities=35
INFO Neo4j ingest ok experiment=EXP-RAW-42 latency_ms=272.2 entities=11
INFO HTTP Request: POST https://ai.api.cloud.yandex.net/v1/chat/completions "HTTP/1.1 200 OK"
INFO Neo4j ingest ok experiment=EXP-RAW-43 latency_ms=280.8 entities=19
INFO HTTP Request: POST https://ai.api.cloud.yandex.net/v1/chat/completions "HTTP/1.1 200 OK"
INFO Neo4j ingest ok experiment=EXP-RAW-44 latency_ms=422.9 entities=25
INFO HTTP Request: POST https://ai.api.cloud.yandex.net/v1/chat/completions "HTTP/1.1 200 OK"
INFO HTTP Request: POST https://ai.api.cloud.yandex.net/v1/chat/completions "HTTP/1.1 200 OK"
INFO Neo4j ingest ok experiment=EXP-RAW-46 latency_ms=497.5 entities=18
INFO Neo4j ingest ok experiment=EXP-RAW-45 latency_ms=892.2 entities=40
INFO HTTP Request: POST https://ai.api.cloud.yandex.net/v1/chat/completions "HTTP/1.1 200 OK"
INFO Neo4j ingest ok experiment=EXP-RAW-47 latency_ms=367.9 entities=22
INFO HTTP Request: POST https://ai.api.cloud.yandex.net/v1/chat/completions "HTTP/1.1 200 OK"
INFO Neo4j ingest ok experiment=EXP-RAW-49 latency_ms=253.9 entities=14
INFO HTTP Request: POST https://ai.api.cloud.yandex.net/v1/chat/completions "HTTP/1.1 200 OK"
INFO HTTP Request: POST https://ai.api.cloud.yandex.net/v1/chat/completions "HTTP/1.1 200 OK"
INFO Neo4j ingest ok experiment=EXP-RAW-48 latency_ms=707.4 entities=33
INFO Neo4j ingest ok experiment=EXP-RAW-50 latency_ms=499.4 entities=22
INFO HTTP Request: POST https://ai.api.cloud.yandex.net/v1/chat/completions "HTTP/1.1 200 OK"
INFO Neo4j ingest ok experiment=EXP-RAW-51 latency_ms=232.0 entities=16
INFO HTTP Request: POST https://ai.api.cloud.yandex.net/v1/chat/completions "HTTP/1.1 200 OK"
INFO Neo4j ingest ok experiment=EXP-RAW-53 latency_ms=240.3 entities=14
INFO HTTP Request: POST https://ai.api.cloud.yandex.net/v1/chat/completions "HTTP/1.1 200 OK"
INFO Neo4j ingest ok experiment=EXP-RAW-52 latency_ms=183.8 entities=12
INFO HTTP Request: POST https://ai.api.cloud.yandex.net/v1/chat/completions "HTTP/1.1 200 OK"
INFO HTTP Request: POST https://ai.api.cloud.yandex.net/v1/chat/completions "HTTP/1.1 200 OK"
INFO Neo4j ingest ok experiment=EXP-RAW-56 latency_ms=226.1 entities=15
INFO HTTP Request: POST https://ai.api.cloud.yandex.net/v1/chat/completions "HTTP/1.1 200 OK"
INFO Neo4j ingest ok experiment=EXP-RAW-54 latency_ms=1032.4 entities=31
INFO Neo4j ingest ok experiment=EXP-RAW-55 latency_ms=393.9 entities=26
INFO HTTP Request: POST https://ai.api.cloud.yandex.net/v1/chat/completions "HTTP/1.1 200 OK"
INFO HTTP Request: POST https://ai.api.cloud.yandex.net/v1/chat/completions "HTTP/1.1 200 OK"
INFO Neo4j ingest ok experiment=EXP-RAW-58 latency_ms=403.4 entities=12
INFO Neo4j ingest ok experiment=EXP-RAW-57 latency_ms=521.1 entities=23
INFO HTTP Request: POST https://ai.api.cloud.yandex.net/v1/chat/completions "HTTP/1.1 200 OK"
INFO Neo4j ingest ok experiment=EXP-RAW-59 latency_ms=348.3 entities=22
INFO HTTP Request: POST https://ai.api.cloud.yandex.net/v1/chat/completions "HTTP/1.1 200 OK"
INFO Neo4j ingest ok experiment=EXP-RAW-60 latency_ms=203.1 entities=13
INFO HTTP Request: POST https://ai.api.cloud.yandex.net/v1/chat/completions "HTTP/1.1 200 OK"
INFO Neo4j ingest ok experiment=EXP-RAW-61 latency_ms=239.3 entities=15
INFO HTTP Request: POST https://ai.api.cloud.yandex.net/v1/chat/completions "HTTP/1.1 200 OK"
INFO Neo4j ingest ok experiment=EXP-RAW-62 latency_ms=391.6 entities=24
INFO HTTP Request: POST https://ai.api.cloud.yandex.net/v1/chat/completions "HTTP/1.1 200 OK"
INFO HTTP Request: POST https://ai.api.cloud.yandex.net/v1/chat/completions "HTTP/1.1 200 OK"
INFO Neo4j ingest ok experiment=EXP-RAW-63 latency_ms=537.6 entities=16
INFO Neo4j ingest ok experiment=EXP-RAW-65 latency_ms=254.1 entities=9
INFO HTTP Request: POST https://ai.api.cloud.yandex.net/v1/chat/completions "HTTP/1.1 200 OK"
INFO Neo4j ingest ok experiment=EXP-RAW-64 latency_ms=271.0 entities=16
INFO HTTP Request: POST https://ai.api.cloud.yandex.net/v1/chat/completions "HTTP/1.1 200 OK"
INFO HTTP Request: POST https://ai.api.cloud.yandex.net/v1/chat/completions "HTTP/1.1 200 OK"
INFO HTTP Request: POST https://ai.api.cloud.yandex.net/v1/chat/completions "HTTP/1.1 200 OK"
INFO Neo4j ingest ok experiment=EXP-RAW-67 latency_ms=789.4 entities=24
INFO Neo4j ingest ok experiment=EXP-RAW-68 latency_ms=547.6 entities=32
INFO Neo4j ingest ok experiment=EXP-RAW-66 latency_ms=1356.2 entities=28
INFO HTTP Request: POST https://ai.api.cloud.yandex.net/v1/chat/completions "HTTP/1.1 200 OK"
INFO HTTP Request: POST https://ai.api.cloud.yandex.net/v1/chat/completions "HTTP/1.1 200 OK"
INFO Neo4j ingest ok experiment=EXP-RAW-69 latency_ms=307.8 entities=20
INFO HTTP Request: POST https://ai.api.cloud.yandex.net/v1/chat/completions "HTTP/1.1 200 OK"
INFO Neo4j ingest ok experiment=EXP-RAW-70 latency_ms=1025.7 entities=18
INFO Neo4j ingest ok experiment=EXP-RAW-71 latency_ms=648.6 entities=27
INFO HTTP Request: POST https://ai.api.cloud.yandex.net/v1/chat/completions "HTTP/1.1 200 OK"
INFO Neo4j ingest ok experiment=EXP-RAW-72 latency_ms=317.9 entities=17
INFO HTTP Request: POST https://ai.api.cloud.yandex.net/v1/chat/completions "HTTP/1.1 200 OK"
INFO HTTP Request: POST https://ai.api.cloud.yandex.net/v1/chat/completions "HTTP/1.1 200 OK"
INFO Neo4j ingest ok experiment=EXP-RAW-73 latency_ms=178.2 entities=11
INFO Neo4j ingest ok experiment=EXP-RAW-74 latency_ms=626.1 entities=16
INFO HTTP Request: POST https://ai.api.cloud.yandex.net/v1/chat/completions "HTTP/1.1 200 OK"
INFO Neo4j ingest ok experiment=EXP-RAW-76 latency_ms=173.1 entities=11
INFO HTTP Request: POST https://ai.api.cloud.yandex.net/v1/chat/completions "HTTP/1.1 200 OK"
INFO HTTP Request: POST https://ai.api.cloud.yandex.net/v1/chat/completions "HTTP/1.1 200 OK"
INFO Neo4j ingest ok experiment=EXP-RAW-77 latency_ms=344.9 entities=21
INFO Neo4j ingest ok experiment=EXP-RAW-75 latency_ms=1191.0 entities=32
INFO HTTP Request: POST https://ai.api.cloud.yandex.net/v1/chat/completions "HTTP/1.1 200 OK"
INFO Neo4j ingest ok experiment=EXP-RAW-78 latency_ms=174.1 entities=11
INFO HTTP Request: POST https://ai.api.cloud.yandex.net/v1/chat/completions "HTTP/1.1 200 OK"
INFO Neo4j ingest ok experiment=EXP-RAW-79 latency_ms=336.0 entities=23
INFO HTTP Request: POST https://ai.api.cloud.yandex.net/v1/chat/completions "HTTP/1.1 200 OK"
INFO HTTP Request: POST https://ai.api.cloud.yandex.net/v1/chat/completions "HTTP/1.1 200 OK"
INFO Neo4j ingest ok experiment=EXP-RAW-80 latency_ms=541.5 entities=22
INFO Neo4j ingest ok experiment=EXP-RAW-81 latency_ms=382.5 entities=17
INFO HTTP Request: POST https://ai.api.cloud.yandex.net/v1/chat/completions "HTTP/1.1 200 OK"
WARNING Re-label produced no experiment for EXP-RAW-84; restored previous VSA record
INFO HTTP Request: POST https://ai.api.cloud.yandex.net/v1/chat/completions "HTTP/1.1 200 OK"
INFO Neo4j ingest ok experiment=EXP-RAW-82 latency_ms=286.1 entities=17
INFO HTTP Request: POST https://ai.api.cloud.yandex.net/v1/chat/completions "HTTP/1.1 200 OK"
INFO Neo4j ingest ok experiment=EXP-RAW-83 latency_ms=229.9 entities=15
INFO HTTP Request: POST https://ai.api.cloud.yandex.net/v1/chat/completions "HTTP/1.1 200 OK"
INFO Neo4j ingest ok experiment=EXP-RAW-85 latency_ms=177.9 entities=11
INFO HTTP Request: POST https://ai.api.cloud.yandex.net/v1/chat/completions "HTTP/1.1 200 OK"
INFO Neo4j ingest ok experiment=EXP-RAW-87 latency_ms=85.7 entities=5
INFO HTTP Request: POST https://ai.api.cloud.yandex.net/v1/chat/completions "HTTP/1.1 200 OK"
WARNING Re-label produced no experiment for EXP-RAW-89; restored previous VSA record
INFO HTTP Request: POST https://ai.api.cloud.yandex.net/v1/chat/completions "HTTP/1.1 200 OK"
INFO Neo4j ingest ok experiment=EXP-RAW-86 latency_ms=366.2 entities=25
INFO HTTP Request: POST https://ai.api.cloud.yandex.net/v1/chat/completions "HTTP/1.1 200 OK"
WARNING Re-label produced no experiment for EXP-RAW-91; restored previous VSA record
INFO HTTP Request: POST https://ai.api.cloud.yandex.net/v1/chat/completions "HTTP/1.1 200 OK"
INFO Neo4j ingest ok experiment=EXP-RAW-88 latency_ms=165.2 entities=11
INFO HTTP Request: POST https://ai.api.cloud.yandex.net/v1/chat/completions "HTTP/1.1 200 OK"
INFO Neo4j ingest ok experiment=EXP-RAW-93 latency_ms=55.0 entities=3
INFO HTTP Request: POST https://ai.api.cloud.yandex.net/v1/chat/completions "HTTP/1.1 200 OK"
WARNING Extraction attempt 1 failed validation: 3; preview='{"entities": [{"type": "Expert", "value": "Илья Никитич Белоглазов"}, {"type": "Facility", "value": "Санкт-Петербургский государственный Горный университет"}, {"type": "Expert", "value": "Издательски
INFO HTTP Request: POST https://ai.api.cloud.yandex.net/v1/chat/completions "HTTP/1.1 200 OK"
WARNING Extraction attempt 1 failed validation: 4; preview='{"entities": [{"type": "Expert", "value": "Николай Николаевич Ушаков"}, {"type": "Facility", "value": "Восточный научно-исследовательский горно-металлургический институт цветных металлов (ВНИИцветмет
INFO HTTP Request: POST https://ai.api.cloud.yandex.net/v1/chat/completions "HTTP/1.1 200 OK"
WARNING Extraction attempt 2 failed validation: 3; preview='{"entities": [{"type": "Expert", "value": "Илья Никитич Белоглазов"}, {"type": "Facility", "value": "Санкт-Петербургский государственный Горный университет"}, {"type": "Expert", "value": "Издательски
INFO HTTP Request: POST https://ai.api.cloud.yandex.net/v1/chat/completions "HTTP/1.1 200 OK"
INFO Neo4j ingest ok experiment=EXP-RAW-94 latency_ms=257.1 entities=16
INFO HTTP Request: POST https://ai.api.cloud.yandex.net/v1/chat/completions "HTTP/1.1 200 OK"
INFO Neo4j ingest ok experiment=EXP-RAW-90 latency_ms=261.7 entities=17
INFO HTTP Request: POST https://ai.api.cloud.yandex.net/v1/chat/completions "HTTP/1.1 200 OK"
INFO HTTP Request: POST https://ai.api.cloud.yandex.net/v1/chat/completions "HTTP/1.1 200 OK"
WARNING Extraction attempt 3 failed validation: 3; preview='{"entities": [{"type": "Expert", "value": "Илья Никитич Белоглазов"}, {"type": "Facility", "value": "Санкт-Петербургский государственный Горный университет"}, {"type": "Expert", "value": "Издательски
INFO Neo4j ingest ok experiment=EXP-RAW-95 latency_ms=482.5 entities=31
INFO HTTP Request: POST https://ai.api.cloud.yandex.net/v1/chat/completions "HTTP/1.1 200 OK"
WARNING Re-label produced no experiment for EXP-RAW-92; restored previous VSA record
INFO HTTP Request: POST https://ai.api.cloud.yandex.net/v1/chat/completions "HTTP/1.1 200 OK"
INFO Neo4j ingest ok experiment=EXP-RAW-97 latency_ms=786.6 entities=41
INFO Neo4j ingest ok experiment=EXP-RAW-96 latency_ms=544.5 entities=34
INFO HTTP Request: POST https://ai.api.cloud.yandex.net/v1/chat/completions "HTTP/1.1 200 OK"
INFO Neo4j ingest ok experiment=EXP-RAW-99 latency_ms=376.0 entities=22
INFO HTTP Request: POST https://ai.api.cloud.yandex.net/v1/chat/completions "HTTP/1.1 200 OK"
INFO HTTP Request: POST https://ai.api.cloud.yandex.net/v1/chat/completions "HTTP/1.1 200 OK"
INFO Neo4j ingest ok experiment=EXP-RAW-98 latency_ms=779.3 entities=38
INFO Neo4j ingest ok experiment=EXP-RAW-100 latency_ms=1074.9 entities=33
INFO HTTP Request: POST https://ai.api.cloud.yandex.net/v1/chat/completions "HTTP/1.1 200 OK"
INFO Neo4j ingest ok experiment=EXP-RAW-101 latency_ms=381.2 entities=24
INFO Re-labeling existing experiment EXP-RAW-00
INFO Re-labeling existing experiment EXP-RAW-01
INFO Re-labeling existing experiment EXP-RAW-02
INFO Re-labeling existing experiment EXP-RAW-03
INFO Re-labeling existing experiment EXP-RAW-04
INFO Re-labeling existing experiment EXP-RAW-05
INFO Re-labeling existing experiment EXP-RAW-06
INFO Re-labeling existing experiment EXP-RAW-07
INFO Re-labeling existing experiment EXP-RAW-08
INFO Re-labeling existing experiment EXP-RAW-09
INFO Re-labeling existing experiment EXP-RAW-10
INFO Re-labeling existing experiment EXP-RAW-11
INFO Re-labeling existing experiment EXP-RAW-12
INFO Re-labeling existing experiment EXP-RAW-13
INFO Re-labeling existing experiment EXP-RAW-14
INFO Re-labeling existing experiment EXP-RAW-15
INFO Re-labeling existing experiment EXP-RAW-16
INFO Re-labeling existing experiment EXP-RAW-17
INFO Re-labeling existing experiment EXP-RAW-18
INFO Re-labeling existing experiment EXP-RAW-19
INFO Re-labeling existing experiment EXP-RAW-20
INFO Re-labeling existing experiment EXP-RAW-21
INFO Re-labeling existing experiment EXP-RAW-22
INFO Re-labeling existing experiment EXP-RAW-23
INFO Re-labeling existing experiment EXP-RAW-24
INFO Re-labeling existing experiment EXP-RAW-25
INFO Re-labeling existing experiment EXP-RAW-26
INFO Re-labeling existing experiment EXP-RAW-27
INFO Re-labeling existing experiment EXP-RAW-28
INFO Re-labeling existing experiment EXP-RAW-29
INFO Re-labeling existing experiment EXP-RAW-30
INFO Re-labeling existing experiment EXP-RAW-31
INFO Re-labeling existing experiment EXP-RAW-32
INFO Re-labeling existing experiment EXP-RAW-33
INFO Re-labeling existing experiment EXP-RAW-34
INFO Re-labeling existing experiment EXP-RAW-35
INFO Re-labeling existing experiment EXP-RAW-36
INFO Re-labeling existing experiment EXP-RAW-37
INFO Re-labeling existing experiment EXP-RAW-38
INFO Re-labeling existing experiment EXP-RAW-39
INFO Re-labeling existing experiment EXP-RAW-40
INFO Re-labeling existing experiment EXP-RAW-41
INFO Re-labeling existing experiment EXP-RAW-42
INFO Re-labeling existing experiment EXP-RAW-43
INFO Re-labeling existing experiment EXP-RAW-44
INFO Re-labeling existing experiment EXP-RAW-45
INFO Re-labeling existing experiment EXP-RAW-46
INFO Re-labeling existing experiment EXP-RAW-47
INFO Re-labeling existing experiment EXP-RAW-48
INFO Re-labeling existing experiment EXP-RAW-49
INFO Re-labeling existing experiment EXP-RAW-50
INFO Re-labeling existing experiment EXP-RAW-51
INFO Re-labeling existing experiment EXP-RAW-52
INFO Re-labeling existing experiment EXP-RAW-53
INFO Re-labeling existing experiment EXP-RAW-54
INFO Re-labeling existing experiment EXP-RAW-55
INFO Re-labeling existing experiment EXP-RAW-56
INFO Re-labeling existing experiment EXP-RAW-57
INFO Re-labeling existing experiment EXP-RAW-58
INFO Re-labeling existing experiment EXP-RAW-59
INFO Re-labeling existing experiment EXP-RAW-60
INFO Re-labeling existing experiment EXP-RAW-61
INFO Re-labeling existing experiment EXP-RAW-62
INFO Re-labeling existing experiment EXP-RAW-63
INFO Re-labeling existing experiment EXP-RAW-64
INFO Re-labeling existing experiment EXP-RAW-65
INFO Re-labeling existing experiment EXP-RAW-66
INFO Re-labeling existing experiment EXP-RAW-67
INFO Re-labeling existing experiment EXP-RAW-68
INFO Re-labeling existing experiment EXP-RAW-69
INFO Re-labeling existing experiment EXP-RAW-70
INFO Re-labeling existing experiment EXP-RAW-71
INFO Re-labeling existing experiment EXP-RAW-72
INFO Re-labeling existing experiment EXP-RAW-73
INFO Re-labeling existing experiment EXP-RAW-74
INFO Re-labeling existing experiment EXP-RAW-75
INFO Re-labeling existing experiment EXP-RAW-76
INFO Re-labeling existing experiment EXP-RAW-77
INFO Re-labeling existing experiment EXP-RAW-78
INFO Re-labeling existing experiment EXP-RAW-79
INFO Re-labeling existing experiment EXP-RAW-80
INFO Re-labeling existing experiment EXP-RAW-81
INFO Re-labeling existing experiment EXP-RAW-82
INFO Re-labeling existing experiment EXP-RAW-83
INFO Re-labeling existing experiment EXP-RAW-84
INFO Re-labeling existing experiment EXP-RAW-85
INFO Re-labeling existing experiment EXP-RAW-86
INFO Re-labeling existing experiment EXP-RAW-87
INFO Re-labeling existing experiment EXP-RAW-88
INFO Re-labeling existing experiment EXP-RAW-89
INFO Re-labeling existing experiment EXP-RAW-90
INFO Re-labeling existing experiment EXP-RAW-91
INFO Re-labeling existing experiment EXP-RAW-92
INFO Re-labeling existing experiment EXP-RAW-93
INFO Re-labeling existing experiment EXP-RAW-94
INFO Re-labeling existing experiment EXP-RAW-95
INFO Re-labeling existing experiment EXP-RAW-96
INFO Re-labeling existing experiment EXP-RAW-97
INFO Re-labeling existing experiment EXP-RAW-98
INFO Re-labeling existing experiment EXP-RAW-99
INFO Re-labeling existing experiment EXP-RAW-100
INFO Re-labeling existing experiment EXP-RAW-101
INFO HTTP Request: POST https://ai.api.cloud.yandex.net/v1/chat/completions "HTTP/1.1 200 OK"
WARNING Re-label produced no experiment for EXP-RAW-01; restored previous VSA record
INFO HTTP Request: POST https://ai.api.cloud.yandex.net/v1/chat/completions "HTTP/1.1 200 OK"
WARNING Re-label produced no experiment for EXP-RAW-00; restored previous VSA record
INFO HTTP Request: POST https://ai.api.cloud.yandex.net/v1/chat/completions "HTTP/1.1 200 OK"
INFO Neo4j ingest ok experiment=EXP-RAW-02 latency_ms=983.1 entities=69
INFO HTTP Request: POST https://ai.api.cloud.yandex.net/v1/chat/completions "HTTP/1.1 200 OK"
INFO Neo4j ingest ok experiment=EXP-RAW-04 latency_ms=1045.2 entities=74
INFO HTTP Request: POST https://ai.api.cloud.yandex.net/v1/chat/completions "HTTP/1.1 200 OK"
INFO Neo4j ingest ok experiment=EXP-RAW-03 latency_ms=1259.9 entities=83
INFO HTTP Request: POST https://ai.api.cloud.yandex.net/v1/chat/completions "HTTP/1.1 200 OK"
INFO Neo4j ingest ok experiment=EXP-RAW-05 latency_ms=413.6 entities=28
INFO HTTP Request: POST https://ai.api.cloud.yandex.net/v1/chat/completions "HTTP/1.1 200 OK"
INFO Neo4j ingest ok experiment=EXP-RAW-06 latency_ms=857.0 entities=57
INFO HTTP Request: POST https://ai.api.cloud.yandex.net/v1/chat/completions "HTTP/1.1 200 OK"
INFO Neo4j ingest ok experiment=EXP-RAW-08 latency_ms=420.0 entities=28
INFO HTTP Request: POST https://ai.api.cloud.yandex.net/v1/chat/completions "HTTP/1.1 200 OK"
INFO Neo4j ingest ok experiment=EXP-RAW-07 latency_ms=811.8 entities=49
INFO HTTP Request: POST https://ai.api.cloud.yandex.net/v1/chat/completions "HTTP/1.1 200 OK"
INFO Neo4j ingest ok experiment=EXP-RAW-10 latency_ms=375.9 entities=24
INFO HTTP Request: POST https://ai.api.cloud.yandex.net/v1/chat/completions "HTTP/1.1 200 OK"
INFO Neo4j ingest ok experiment=EXP-RAW-09 latency_ms=574.8 entities=38
INFO HTTP Request: POST https://ai.api.cloud.yandex.net/v1/chat/completions "HTTP/1.1 200 OK"
INFO Neo4j ingest ok experiment=EXP-RAW-12 latency_ms=191.2 entities=12
INFO HTTP Request: POST https://ai.api.cloud.yandex.net/v1/chat/completions "HTTP/1.1 200 OK"
INFO Neo4j ingest ok experiment=EXP-RAW-11 latency_ms=540.1 entities=34
INFO HTTP Request: POST https://ai.api.cloud.yandex.net/v1/chat/completions "HTTP/1.1 200 OK"
INFO Neo4j ingest ok experiment=EXP-RAW-13 latency_ms=280.3 entities=16
INFO HTTP Request: POST https://ai.api.cloud.yandex.net/v1/chat/completions "HTTP/1.1 200 OK"
INFO Neo4j ingest ok experiment=EXP-RAW-14 latency_ms=821.4 entities=52
INFO HTTP Request: POST https://ai.api.cloud.yandex.net/v1/chat/completions "HTTP/1.1 200 OK"
INFO Neo4j ingest ok experiment=EXP-RAW-15 latency_ms=745.4 entities=49
INFO HTTP Request: POST https://ai.api.cloud.yandex.net/v1/chat/completions "HTTP/1.1 200 OK"
INFO HTTP Request: POST https://ai.api.cloud.yandex.net/v1/chat/completions "HTTP/1.1 200 OK"
INFO Neo4j ingest ok experiment=EXP-RAW-18 latency_ms=478.9 entities=17
INFO HTTP Request: POST https://ai.api.cloud.yandex.net/v1/chat/completions "HTTP/1.1 200 OK"
INFO Neo4j ingest ok experiment=EXP-RAW-16 latency_ms=1357.3 entities=56
INFO Neo4j ingest ok experiment=EXP-RAW-17 latency_ms=867.0 entities=36
INFO HTTP Request: POST https://ai.api.cloud.yandex.net/v1/chat/completions "HTTP/1.1 200 OK"
INFO Neo4j ingest ok experiment=EXP-RAW-19 latency_ms=246.2 entities=14
INFO HTTP Request: POST https://ai.api.cloud.yandex.net/v1/chat/completions "HTTP/1.1 200 OK"
INFO Neo4j ingest ok experiment=EXP-RAW-20 latency_ms=343.5 entities=22
INFO HTTP Request: POST https://ai.api.cloud.yandex.net/v1/chat/completions "HTTP/1.1 200 OK"
INFO Neo4j ingest ok experiment=EXP-RAW-21 latency_ms=640.5 entities=41
INFO HTTP Request: POST https://ai.api.cloud.yandex.net/v1/chat/completions "HTTP/1.1 200 OK"
INFO Neo4j ingest ok experiment=EXP-RAW-22 latency_ms=515.5 entities=34
INFO HTTP Request: POST https://ai.api.cloud.yandex.net/v1/chat/completions "HTTP/1.1 200 OK"
INFO Neo4j ingest ok experiment=EXP-RAW-24 latency_ms=213.0 entities=14
INFO HTTP Request: POST https://ai.api.cloud.yandex.net/v1/chat/completions "HTTP/1.1 200 OK"
INFO Neo4j ingest ok experiment=EXP-RAW-23 latency_ms=562.0 entities=34
INFO HTTP Request: POST https://ai.api.cloud.yandex.net/v1/chat/completions "HTTP/1.1 200 OK"
INFO Neo4j ingest ok experiment=EXP-RAW-25 latency_ms=365.8 entities=19
INFO HTTP Request: POST https://ai.api.cloud.yandex.net/v1/chat/completions "HTTP/1.1 200 OK"
INFO Neo4j ingest ok experiment=EXP-RAW-26 latency_ms=459.9 entities=26
INFO HTTP Request: POST https://ai.api.cloud.yandex.net/v1/chat/completions "HTTP/1.1 200 OK"
INFO Neo4j ingest ok experiment=EXP-RAW-27 latency_ms=414.5 entities=27
INFO HTTP Request: POST https://ai.api.cloud.yandex.net/v1/chat/completions "HTTP/1.1 200 OK"
INFO Neo4j ingest ok experiment=EXP-RAW-28 latency_ms=366.8 entities=22
INFO HTTP Request: POST https://ai.api.cloud.yandex.net/v1/chat/completions "HTTP/1.1 200 OK"
INFO Neo4j ingest ok experiment=EXP-RAW-29 latency_ms=412.6 entities=27
INFO HTTP Request: POST https://ai.api.cloud.yandex.net/v1/chat/completions "HTTP/1.1 200 OK"
INFO Neo4j ingest ok experiment=EXP-RAW-30 latency_ms=547.8 entities=36
INFO HTTP Request: POST https://ai.api.cloud.yandex.net/v1/chat/completions "HTTP/1.1 200 OK"
INFO Neo4j ingest ok experiment=EXP-RAW-32 latency_ms=446.2 entities=29
INFO HTTP Request: POST https://ai.api.cloud.yandex.net/v1/chat/completions "HTTP/1.1 200 OK"
INFO Neo4j ingest ok experiment=EXP-RAW-31 latency_ms=714.7 entities=46
INFO HTTP Request: POST https://ai.api.cloud.yandex.net/v1/chat/completions "HTTP/1.1 200 OK"
INFO Neo4j ingest ok experiment=EXP-RAW-33 latency_ms=440.8 entities=26
INFO HTTP Request: POST https://ai.api.cloud.yandex.net/v1/chat/completions "HTTP/1.1 200 OK"
INFO Neo4j ingest ok experiment=EXP-RAW-34 latency_ms=427.2 entities=27
INFO HTTP Request: POST https://ai.api.cloud.yandex.net/v1/chat/completions "HTTP/1.1 200 OK"
INFO HTTP Request: POST https://ai.api.cloud.yandex.net/v1/chat/completions "HTTP/1.1 200 OK"
INFO Neo4j ingest ok experiment=EXP-RAW-36 latency_ms=510.9 entities=18
INFO Neo4j ingest ok experiment=EXP-RAW-35 latency_ms=613.6 entities=39
INFO HTTP Request: POST https://ai.api.cloud.yandex.net/v1/chat/completions "HTTP/1.1 200 OK"
INFO Neo4j ingest ok experiment=EXP-RAW-37 latency_ms=551.9 entities=36
INFO HTTP Request: POST https://ai.api.cloud.yandex.net/v1/chat/completions "HTTP/1.1 200 OK"
INFO Neo4j ingest ok experiment=EXP-RAW-38 latency_ms=516.2 entities=31
INFO HTTP Request: POST https://ai.api.cloud.yandex.net/v1/chat/completions "HTTP/1.1 200 OK"
INFO Neo4j ingest ok experiment=EXP-RAW-39 latency_ms=612.9 entities=36
INFO HTTP Request: POST https://ai.api.cloud.yandex.net/v1/chat/completions "HTTP/1.1 200 OK"
WARNING Extraction attempt 1 failed validation: 2; preview='{"entities": [{"type": "Material", "value": "шлаки"}, {"type": "Process", "value": "дезинтеграция шлаков"}, {"type": "Process", "value": "сепарация по плотности"}, {"type": "Process", "value": "перер
INFO HTTP Request: POST https://ai.api.cloud.yandex.net/v1/chat/completions "HTTP/1.1 200 OK"
INFO Neo4j ingest ok experiment=EXP-RAW-40 latency_ms=747.8 entities=45
INFO HTTP Request: POST https://ai.api.cloud.yandex.net/v1/chat/completions "HTTP/1.1 200 OK"
WARNING Extraction attempt 2 failed validation: 2; preview='{"entities": [{"type": "Material", "value": "шлаки"}, {"type": "Process", "value": "дезинтеграция шлаков"}, {"type": "Process", "value": "сепарация по плотности"}, {"type": "Process", "value": "перер
INFO HTTP Request: POST https://ai.api.cloud.yandex.net/v1/chat/completions "HTTP/1.1 200 OK"
INFO HTTP Request: POST https://ai.api.cloud.yandex.net/v1/chat/completions "HTTP/1.1 200 OK"
INFO Neo4j ingest ok experiment=EXP-RAW-41 latency_ms=1253.4 entities=67
INFO Neo4j ingest ok experiment=EXP-RAW-43 latency_ms=1320.7 entities=19
INFO HTTP Request: POST https://ai.api.cloud.yandex.net/v1/chat/completions "HTTP/1.1 200 OK"
INFO Neo4j ingest ok experiment=EXP-RAW-44 latency_ms=269.5 entities=15
INFO HTTP Request: POST https://ai.api.cloud.yandex.net/v1/chat/completions "HTTP/1.1 200 OK"
INFO Neo4j ingest ok experiment=EXP-RAW-45 latency_ms=273.9 entities=15
INFO HTTP Request: POST https://ai.api.cloud.yandex.net/v1/chat/completions "HTTP/1.1 200 OK"
WARNING Extraction attempt 3 failed validation: 2; preview='{"entities": [{"type": "Material", "value": "шлаки"}, {"type": "Process", "value": "дезинтеграция шлаков"}, {"type": "Process", "value": "сепарация по плотности"}, {"type": "Process", "value": "перер
INFO HTTP Request: POST https://ai.api.cloud.yandex.net/v1/chat/completions "HTTP/1.1 200 OK"
INFO Neo4j ingest ok experiment=EXP-RAW-47 latency_ms=272.6 entities=17
INFO HTTP Request: POST https://ai.api.cloud.yandex.net/v1/chat/completions "HTTP/1.1 200 OK"
INFO HTTP Request: POST https://ai.api.cloud.yandex.net/v1/chat/completions "HTTP/1.1 200 OK"
INFO Neo4j ingest ok experiment=EXP-RAW-48 latency_ms=414.5 entities=11
INFO Neo4j ingest ok experiment=EXP-RAW-46 latency_ms=728.0 entities=37
WARNING Re-label produced no experiment for EXP-RAW-42; restored previous VSA record
INFO HTTP Request: POST https://ai.api.cloud.yandex.net/v1/chat/completions "HTTP/1.1 200 OK"
INFO Neo4j ingest ok experiment=EXP-RAW-51 latency_ms=184.5 entities=11
INFO HTTP Request: POST https://ai.api.cloud.yandex.net/v1/chat/completions "HTTP/1.1 200 OK"
INFO HTTP Request: POST https://ai.api.cloud.yandex.net/v1/chat/completions "HTTP/1.1 200 OK"
INFO Neo4j ingest ok experiment=EXP-RAW-50 latency_ms=364.5 entities=23
INFO Neo4j ingest ok experiment=EXP-RAW-49 latency_ms=1059.0 entities=30
INFO HTTP Request: POST https://ai.api.cloud.yandex.net/v1/chat/completions "HTTP/1.1 200 OK"
INFO Neo4j ingest ok experiment=EXP-RAW-52 latency_ms=369.7 entities=23
INFO HTTP Request: POST https://ai.api.cloud.yandex.net/v1/chat/completions "HTTP/1.1 200 OK"
INFO HTTP Request: POST https://ai.api.cloud.yandex.net/v1/chat/completions "HTTP/1.1 200 OK"
INFO Neo4j ingest ok experiment=EXP-RAW-53 latency_ms=632.4 entities=26
INFO Neo4j ingest ok experiment=EXP-RAW-54 latency_ms=778.4 entities=23
INFO HTTP Request: POST https://ai.api.cloud.yandex.net/v1/chat/completions "HTTP/1.1 200 OK"
INFO Neo4j ingest ok experiment=EXP-RAW-55 latency_ms=320.3 entities=19
INFO HTTP Request: POST https://ai.api.cloud.yandex.net/v1/chat/completions "HTTP/1.1 200 OK"
INFO Neo4j ingest ok experiment=EXP-RAW-57 latency_ms=319.2 entities=19
INFO HTTP Request: POST https://ai.api.cloud.yandex.net/v1/chat/completions "HTTP/1.1 200 OK"
INFO Neo4j ingest ok experiment=EXP-RAW-56 latency_ms=637.5 entities=40
INFO HTTP Request: POST https://ai.api.cloud.yandex.net/v1/chat/completions "HTTP/1.1 200 OK"
INFO HTTP Request: POST https://ai.api.cloud.yandex.net/v1/chat/completions "HTTP/1.1 200 OK"
INFO Neo4j ingest ok experiment=EXP-RAW-58 latency_ms=560.3 entities=21
INFO Neo4j ingest ok experiment=EXP-RAW-59 latency_ms=589.2 entities=14
INFO HTTP Request: POST https://ai.api.cloud.yandex.net/v1/chat/completions "HTTP/1.1 200 OK"
INFO HTTP Request: POST https://ai.api.cloud.yandex.net/v1/chat/completions "HTTP/1.1 200 OK"
INFO Neo4j ingest ok experiment=EXP-RAW-60 latency_ms=624.1 entities=26
INFO HTTP Request: POST https://ai.api.cloud.yandex.net/v1/chat/completions "HTTP/1.1 200 OK"
INFO Neo4j ingest ok experiment=EXP-RAW-61 latency_ms=578.0 entities=19
INFO Neo4j ingest ok experiment=EXP-RAW-62 latency_ms=572.9 entities=21
INFO HTTP Request: POST https://ai.api.cloud.yandex.net/v1/chat/completions "HTTP/1.1 200 OK"
INFO Neo4j ingest ok experiment=EXP-RAW-63 latency_ms=407.4 entities=17
INFO HTTP Request: POST https://ai.api.cloud.yandex.net/v1/chat/completions "HTTP/1.1 200 OK"
INFO HTTP Request: POST https://ai.api.cloud.yandex.net/v1/chat/completions "HTTP/1.1 200 OK"
INFO Neo4j ingest ok experiment=EXP-RAW-64 latency_ms=870.6 entities=41
INFO Neo4j ingest ok experiment=EXP-RAW-65 latency_ms=1081.8 entities=30
INFO HTTP Request: POST https://ai.api.cloud.yandex.net/v1/chat/completions "HTTP/1.1 200 OK"
INFO Neo4j ingest ok experiment=EXP-RAW-66 latency_ms=471.5 entities=30
INFO HTTP Request: POST https://ai.api.cloud.yandex.net/v1/chat/completions "HTTP/1.1 200 OK"
INFO Neo4j ingest ok experiment=EXP-RAW-68 latency_ms=501.7 entities=30
INFO HTTP Request: POST https://ai.api.cloud.yandex.net/v1/chat/completions "HTTP/1.1 200 OK"
INFO Neo4j ingest ok experiment=EXP-RAW-69 latency_ms=462.2 entities=27
INFO HTTP Request: POST https://ai.api.cloud.yandex.net/v1/chat/completions "HTTP/1.1 200 OK"
INFO Neo4j ingest ok experiment=EXP-RAW-67 latency_ms=550.2 entities=31
INFO HTTP Request: POST https://ai.api.cloud.yandex.net/v1/chat/completions "HTTP/1.1 200 OK"
INFO Neo4j ingest ok experiment=EXP-RAW-71 latency_ms=307.7 entities=19
INFO HTTP Request: POST https://ai.api.cloud.yandex.net/v1/chat/completions "HTTP/1.1 200 OK"
WARNING Extraction attempt 1 failed validation: 2; preview='{"entities": [{"type": "Material", "value": "рений"}, {"type": "Material", "value": "медь"}, {"type": "Material", "value": "молибден"}, {"type": "Material", "value": "сульфидное медное и молибденовое
INFO HTTP Request: POST https://ai.api.cloud.yandex.net/v1/chat/completions "HTTP/1.1 200 OK"
INFO HTTP Request: POST https://ai.api.cloud.yandex.net/v1/chat/completions "HTTP/1.1 200 OK"
INFO Neo4j ingest ok experiment=EXP-RAW-73 latency_ms=196.7 entities=10
INFO Neo4j ingest ok experiment=EXP-RAW-72 latency_ms=788.7 entities=25
INFO HTTP Request: POST https://ai.api.cloud.yandex.net/v1/chat/completions "HTTP/1.1 200 OK"
INFO Neo4j ingest ok experiment=EXP-RAW-75 latency_ms=333.2 entities=18
INFO HTTP Request: POST https://ai.api.cloud.yandex.net/v1/chat/completions "HTTP/1.1 200 OK"
WARNING Extraction attempt 2 failed validation: 2; preview='{"entities": [{"type": "Material", "value": "рений"}, {"type": "Material", "value": "медь"}, {"type": "Material", "value": "молибден"}, {"type": "Material", "value": "сульфидное медное и молибденовое
INFO HTTP Request: POST https://ai.api.cloud.yandex.net/v1/chat/completions "HTTP/1.1 200 OK"
INFO Neo4j ingest ok experiment=EXP-RAW-74 latency_ms=554.1 entities=36
INFO HTTP Request: POST https://ai.api.cloud.yandex.net/v1/chat/completions "HTTP/1.1 200 OK"
INFO Neo4j ingest ok experiment=EXP-RAW-76 latency_ms=312.2 entities=18
INFO HTTP Request: POST https://ai.api.cloud.yandex.net/v1/chat/completions "HTTP/1.1 200 OK"
INFO Neo4j ingest ok experiment=EXP-RAW-78 latency_ms=390.3 entities=22
INFO HTTP Request: POST https://ai.api.cloud.yandex.net/v1/chat/completions "HTTP/1.1 200 OK"
INFO Neo4j ingest ok experiment=EXP-RAW-77 latency_ms=575.8 entities=30
INFO HTTP Request: POST https://ai.api.cloud.yandex.net/v1/chat/completions "HTTP/1.1 200 OK"
WARNING Extraction attempt 3 failed validation: 2; preview='{"entities": [{"type": "Material", "value": "рений"}, {"type": "Material", "value": "медь"}, {"type": "Material", "value": "молибден"}, {"type": "Material", "value": "Re2O7"}, {"type": "Material", "v
INFO HTTP Request: POST https://ai.api.cloud.yandex.net/v1/chat/completions "HTTP/1.1 200 OK"
INFO Neo4j ingest ok experiment=EXP-RAW-79 latency_ms=479.9 entities=30
INFO HTTP Request: POST https://ai.api.cloud.yandex.net/v1/chat/completions "HTTP/1.1 200 OK"
INFO Neo4j ingest ok experiment=EXP-RAW-80 latency_ms=208.5 entities=12
WARNING Re-label produced no experiment for EXP-RAW-70; restored previous VSA record
INFO HTTP Request: POST https://ai.api.cloud.yandex.net/v1/chat/completions "HTTP/1.1 200 OK"
INFO Neo4j ingest ok experiment=EXP-RAW-82 latency_ms=515.4 entities=32
INFO HTTP Request: POST https://ai.api.cloud.yandex.net/v1/chat/completions "HTTP/1.1 200 OK"
INFO Neo4j ingest ok experiment=EXP-RAW-81 latency_ms=409.7 entities=25
INFO HTTP Request: POST https://ai.api.cloud.yandex.net/v1/chat/completions "HTTP/1.1 200 OK"
WARNING Extraction attempt 1 failed validation: 7; preview='{"entities": [{"type": "Material", "value": "загрязнённый скрап"}, {"type": "Material", "value": "чистый экструзионный скрап"}, {"type": "Material", "value": "чушковый металл"}, {"type": "Material", 
INFO HTTP Request: POST https://ai.api.cloud.yandex.net/v1/chat/completions "HTTP/1.1 200 OK"
INFO HTTP Request: POST https://ai.api.cloud.yandex.net/v1/chat/completions "HTTP/1.1 200 OK"
INFO Neo4j ingest ok experiment=EXP-RAW-84 latency_ms=605.8 entities=21
INFO Neo4j ingest ok experiment=EXP-RAW-85 latency_ms=585.7 entities=24
INFO HTTP Request: POST https://ai.api.cloud.yandex.net/v1/chat/completions "HTTP/1.1 200 OK"
INFO Neo4j ingest ok experiment=EXP-RAW-86 latency_ms=342.7 entities=21
INFO HTTP Request: POST https://ai.api.cloud.yandex.net/v1/chat/completions "HTTP/1.1 200 OK"
INFO Neo4j ingest ok experiment=EXP-RAW-87 latency_ms=314.7 entities=18
INFO HTTP Request: POST https://ai.api.cloud.yandex.net/v1/chat/completions "HTTP/1.1 200 OK"
WARNING Extraction attempt 2 failed validation: 4; preview='{"entities": [{"type": "Material", "value": "загрязнённый скрап"}, {"type": "Material", "value": "чистый экструзионный скрап"}, {"type": "Material", "value": "чушковый металл"}, {"type": "Material", 
INFO HTTP Request: POST https://ai.api.cloud.yandex.net/v1/chat/completions "HTTP/1.1 200 OK"
INFO Neo4j ingest ok experiment=EXP-RAW-88 latency_ms=337.0 entities=21
INFO HTTP Request: POST https://ai.api.cloud.yandex.net/v1/chat/completions "HTTP/1.1 200 OK"
INFO Neo4j ingest ok experiment=EXP-RAW-89 latency_ms=301.8 entities=17
INFO HTTP Request: POST https://ai.api.cloud.yandex.net/v1/chat/completions "HTTP/1.1 200 OK"
INFO HTTP Request: POST https://ai.api.cloud.yandex.net/v1/chat/completions "HTTP/1.1 200 OK"
INFO Neo4j ingest ok experiment=EXP-RAW-90 latency_ms=667.3 entities=26
INFO HTTP Request: POST https://ai.api.cloud.yandex.net/v1/chat/completions "HTTP/1.1 200 OK"
INFO Neo4j ingest ok experiment=EXP-RAW-91 latency_ms=983.5 entities=25
INFO Neo4j ingest ok experiment=EXP-RAW-83 latency_ms=846.7 entities=28
INFO HTTP Request: POST https://ai.api.cloud.yandex.net/v1/chat/completions "HTTP/1.1 200 OK"
INFO Neo4j ingest ok experiment=EXP-RAW-92 latency_ms=449.5 entities=24
INFO HTTP Request: POST https://ai.api.cloud.yandex.net/v1/chat/completions "HTTP/1.1 200 OK"
INFO HTTP Request: POST https://ai.api.cloud.yandex.net/v1/chat/completions "HTTP/1.1 200 OK"
WARNING Extraction attempt 1 failed validation: 1; preview='{"entities": [{"type": "Material", "value": "Al–Si"}, {"type": "Material", "value": "Si"}, {"type": "Material", "value": "Cu"}, {"type": "Material", "value": "Mg"}, {"type": "Material", "value": "Zr"
INFO Neo4j ingest ok experiment=EXP-RAW-94 latency_ms=498.0 entities=28
INFO HTTP Request: POST https://ai.api.cloud.yandex.net/v1/chat/completions "HTTP/1.1 200 OK"
INFO HTTP Request: POST https://ai.api.cloud.yandex.net/v1/chat/completions "HTTP/1.1 200 OK"
INFO Neo4j ingest ok experiment=EXP-RAW-96 latency_ms=342.9 entities=16
INFO Neo4j ingest ok experiment=EXP-RAW-95 latency_ms=1086.4 entities=25
INFO HTTP Request: POST https://ai.api.cloud.yandex.net/v1/chat/completions "HTTP/1.1 200 OK"
WARNING Extraction attempt 2 failed validation: 1; preview='{"entities": [{"type": "Material", "value": "Al–Si"}, {"type": "Material", "value": "Si"}, {"type": "Material", "value": "Cu"}, {"type": "Material", "value": "Mg"}, {"type": "Material", "value": "Zr"
INFO HTTP Request: POST https://ai.api.cloud.yandex.net/v1/chat/completions "HTTP/1.1 200 OK"
INFO HTTP Request: POST https://ai.api.cloud.yandex.net/v1/chat/completions "HTTP/1.1 200 OK"
INFO Neo4j ingest ok experiment=EXP-RAW-98 latency_ms=702.0 entities=22
INFO Neo4j ingest ok experiment=EXP-RAW-97 latency_ms=884.6 entities=31
INFO HTTP Request: POST https://ai.api.cloud.yandex.net/v1/chat/completions "HTTP/1.1 200 OK"
INFO HTTP Request: POST https://ai.api.cloud.yandex.net/v1/chat/completions "HTTP/1.1 200 OK"
INFO Neo4j ingest ok experiment=EXP-RAW-100 latency_ms=539.4 entities=16
INFO HTTP Request: POST https://ai.api.cloud.yandex.net/v1/chat/completions "HTTP/1.1 200 OK"
WARNING Extraction attempt 3 failed validation: 1; preview='{"entities": [{"type": "Material", "value": "Al–Si"}, {"type": "Material", "value": "Si"}, {"type": "Material", "value": "Cu"}, {"type": "Material", "value": "Mg"}, {"type": "Material", "value": "Zr"
INFO Neo4j ingest ok experiment=EXP-RAW-99 latency_ms=518.6 entities=21
INFO HTTP Request: POST https://ai.api.cloud.yandex.net/v1/chat/completions "HTTP/1.1 200 OK"
INFO Neo4j ingest ok experiment=EXP-RAW-101 latency_ms=405.4 entities=22
INFO HTTP Request: POST https://ai.api.cloud.yandex.net/v1/chat/completions "HTTP/1.1 200 OK"
WARNING Re-label produced no experiment for EXP-RAW-93; restored previous VSA record
INFO Neo4j ingest ok experiment=EXP-RAW-103 latency_ms=220.5 entities=12
INFO HTTP Request: POST https://ai.api.cloud.yandex.net/v1/chat/completions "HTTP/1.1 200 OK"
INFO HTTP Request: POST https://ai.api.cloud.yandex.net/v1/chat/completions "HTTP/1.1 200 OK"
INFO HTTP Request: POST https://ai.api.cloud.yandex.net/v1/chat/completions "HTTP/1.1 200 OK"
INFO Neo4j ingest ok experiment=EXP-RAW-102 latency_ms=1280.9 entities=49
INFO HTTP Request: POST https://ai.api.cloud.yandex.net/v1/chat/completions "HTTP/1.1 200 OK"
INFO Neo4j ingest ok experiment=EXP-RAW-104 latency_ms=1042.2 entities=22
INFO HTTP Request: POST https://ai.api.cloud.yandex.net/v1/chat/completions "HTTP/1.1 200 OK"
INFO Neo4j ingest ok experiment=EXP-RAW-105 latency_ms=1060.9 entities=27
INFO Re-labeling existing experiment EXP-RAW-00
INFO Re-labeling existing experiment EXP-RAW-01
INFO Re-labeling existing experiment EXP-RAW-02
INFO Re-labeling existing experiment EXP-RAW-03
INFO Re-labeling existing experiment EXP-RAW-04
INFO Re-labeling existing experiment EXP-RAW-05
INFO Re-labeling existing experiment EXP-RAW-06
INFO Re-labeling existing experiment EXP-RAW-07
INFO Re-labeling existing experiment EXP-RAW-08
INFO Re-labeling existing experiment EXP-RAW-09
INFO Re-labeling existing experiment EXP-RAW-10
INFO Re-labeling existing experiment EXP-RAW-11
INFO Re-labeling existing experiment EXP-RAW-12
INFO Re-labeling existing experiment EXP-RAW-13
INFO Re-labeling existing experiment EXP-RAW-14
INFO Re-labeling existing experiment EXP-RAW-15
INFO Re-labeling existing experiment EXP-RAW-16
INFO Re-labeling existing experiment EXP-RAW-17
INFO Re-labeling existing experiment EXP-RAW-18
INFO Re-labeling existing experiment EXP-RAW-19
INFO Re-labeling existing experiment EXP-RAW-20
INFO Re-labeling existing experiment EXP-RAW-21
INFO Re-labeling existing experiment EXP-RAW-22
INFO Re-labeling existing experiment EXP-RAW-23
INFO Re-labeling existing experiment EXP-RAW-24
INFO Re-labeling existing experiment EXP-RAW-25
INFO Re-labeling existing experiment EXP-RAW-26
INFO Re-labeling existing experiment EXP-RAW-27
INFO Re-labeling existing experiment EXP-RAW-28
INFO Re-labeling existing experiment EXP-RAW-29
INFO Re-labeling existing experiment EXP-RAW-30
INFO Re-labeling existing experiment EXP-RAW-31
INFO Re-labeling existing experiment EXP-RAW-32
INFO Re-labeling existing experiment EXP-RAW-33
INFO Re-labeling existing experiment EXP-RAW-34
INFO Re-labeling existing experiment EXP-RAW-35
INFO Re-labeling existing experiment EXP-RAW-36
INFO Re-labeling existing experiment EXP-RAW-37
INFO Re-labeling existing experiment EXP-RAW-38
INFO Re-labeling existing experiment EXP-RAW-39
INFO Re-labeling existing experiment EXP-RAW-40
INFO Re-labeling existing experiment EXP-RAW-41
INFO Re-labeling existing experiment EXP-RAW-42
INFO Re-labeling existing experiment EXP-RAW-43
INFO Re-labeling existing experiment EXP-RAW-44
INFO Re-labeling existing experiment EXP-RAW-45
INFO Re-labeling existing experiment EXP-RAW-46
INFO Re-labeling existing experiment EXP-RAW-47
INFO Re-labeling existing experiment EXP-RAW-48
INFO Re-labeling existing experiment EXP-RAW-49
INFO Re-labeling existing experiment EXP-RAW-50
INFO Re-labeling existing experiment EXP-RAW-51
INFO Re-labeling existing experiment EXP-RAW-52
INFO Re-labeling existing experiment EXP-RAW-53
INFO Re-labeling existing experiment EXP-RAW-54
INFO Re-labeling existing experiment EXP-RAW-55
INFO Re-labeling existing experiment EXP-RAW-56
INFO Re-labeling existing experiment EXP-RAW-57
INFO Re-labeling existing experiment EXP-RAW-58
INFO Re-labeling existing experiment EXP-RAW-59
INFO Re-labeling existing experiment EXP-RAW-60
INFO Re-labeling existing experiment EXP-RAW-61
INFO Re-labeling existing experiment EXP-RAW-62
INFO Re-labeling existing experiment EXP-RAW-63
INFO Re-labeling existing experiment EXP-RAW-64
INFO Re-labeling existing experiment EXP-RAW-65
INFO Re-labeling existing experiment EXP-RAW-66
INFO Re-labeling existing experiment EXP-RAW-67
INFO Re-labeling existing experiment EXP-RAW-68
INFO Re-labeling existing experiment EXP-RAW-69
INFO Re-labeling existing experiment EXP-RAW-70
INFO Re-labeling existing experiment EXP-RAW-71
INFO Re-labeling existing experiment EXP-RAW-72
INFO Re-labeling existing experiment EXP-RAW-73
INFO Re-labeling existing experiment EXP-RAW-74
INFO Re-labeling existing experiment EXP-RAW-75
INFO Re-labeling existing experiment EXP-RAW-76
INFO Re-labeling existing experiment EXP-RAW-77
INFO Re-labeling existing experiment EXP-RAW-78
INFO Re-labeling existing experiment EXP-RAW-79
INFO Re-labeling existing experiment EXP-RAW-80
INFO Re-labeling existing experiment EXP-RAW-81
INFO Re-labeling existing experiment EXP-RAW-82
INFO Re-labeling existing experiment EXP-RAW-83
INFO Re-labeling existing experiment EXP-RAW-84
INFO Re-labeling existing experiment EXP-RAW-85
INFO Re-labeling existing experiment EXP-RAW-86
INFO Re-labeling existing experiment EXP-RAW-87
INFO Re-labeling existing experiment EXP-RAW-88
INFO Re-labeling existing experiment EXP-RAW-89
INFO Re-labeling existing experiment EXP-RAW-90
INFO Re-labeling existing experiment EXP-RAW-91
INFO Re-labeling existing experiment EXP-RAW-92
INFO Re-labeling existing experiment EXP-RAW-93
INFO Re-labeling existing experiment EXP-RAW-94
INFO Re-labeling existing experiment EXP-RAW-95
INFO Re-labeling existing experiment EXP-RAW-96
INFO Re-labeling existing experiment EXP-RAW-97
INFO Re-labeling existing experiment EXP-RAW-98
INFO Re-labeling existing experiment EXP-RAW-99
INFO Re-labeling existing experiment EXP-RAW-100
INFO Re-labeling existing experiment EXP-RAW-101
INFO Re-labeling existing experiment EXP-RAW-102
INFO Re-labeling existing experiment EXP-RAW-103
INFO Re-labeling existing experiment EXP-RAW-104
INFO Re-labeling existing experiment EXP-RAW-105
INFO HTTP Request: POST https://ai.api.cloud.yandex.net/v1/chat/completions "HTTP/1.1 200 OK"
WARNING Re-label produced no experiment for EXP-RAW-00; restored previous VSA record
INFO HTTP Request: POST https://ai.api.cloud.yandex.net/v1/chat/completions "HTTP/1.1 200 OK"
INFO Neo4j ingest ok experiment=EXP-RAW-01 latency_ms=47.4 entities=2
INFO HTTP Request: POST https://ai.api.cloud.yandex.net/v1/chat/completions "HTTP/1.1 200 OK"
INFO Neo4j ingest ok experiment=EXP-RAW-02 latency_ms=181.7 entities=9
INFO HTTP Request: POST https://ai.api.cloud.yandex.net/v1/chat/completions "HTTP/1.1 200 OK"
INFO Neo4j ingest ok experiment=EXP-RAW-03 latency_ms=553.4 entities=35
INFO HTTP Request: POST https://ai.api.cloud.yandex.net/v1/chat/completions "HTTP/1.1 200 OK"
INFO Neo4j ingest ok experiment=EXP-RAW-05 latency_ms=539.1 entities=31
INFO HTTP Request: POST https://ai.api.cloud.yandex.net/v1/chat/completions "HTTP/1.1 200 OK"
INFO Neo4j ingest ok experiment=EXP-RAW-06 latency_ms=362.6 entities=22
INFO HTTP Request: POST https://ai.api.cloud.yandex.net/v1/chat/completions "HTTP/1.1 200 OK"
INFO Neo4j ingest ok experiment=EXP-RAW-07 latency_ms=422.8 entities=24
INFO HTTP Request: POST https://ai.api.cloud.yandex.net/v1/chat/completions "HTTP/1.1 200 OK"
INFO HTTP Request: POST https://ai.api.cloud.yandex.net/v1/chat/completions "HTTP/1.1 200 OK"
INFO Neo4j ingest ok experiment=EXP-RAW-04 latency_ms=1798.8 entities=98
INFO Neo4j ingest ok experiment=EXP-RAW-08 latency_ms=1417.8 entities=32
INFO HTTP Request: POST https://ai.api.cloud.yandex.net/v1/chat/completions "HTTP/1.1 200 OK"
INFO Neo4j ingest ok experiment=EXP-RAW-09 latency_ms=352.4 entities=21
INFO HTTP Request: POST https://ai.api.cloud.yandex.net/v1/chat/completions "HTTP/1.1 200 OK"
INFO Neo4j ingest ok experiment=EXP-RAW-10 latency_ms=244.7 entities=14
INFO HTTP Request: POST https://ai.api.cloud.yandex.net/v1/chat/completions "HTTP/1.1 200 OK"
INFO Neo4j ingest ok experiment=EXP-RAW-11 latency_ms=312.5 entities=18
INFO HTTP Request: POST https://ai.api.cloud.yandex.net/v1/chat/completions "HTTP/1.1 200 OK"
INFO Neo4j ingest ok experiment=EXP-RAW-12 latency_ms=554.8 entities=32
INFO HTTP Request: POST https://ai.api.cloud.yandex.net/v1/chat/completions "HTTP/1.1 200 OK"
INFO HTTP Request: POST https://ai.api.cloud.yandex.net/v1/chat/completions "HTTP/1.1 200 OK"
INFO Neo4j ingest ok experiment=EXP-RAW-15 latency_ms=160.6 entities=8
INFO HTTP Request: POST https://ai.api.cloud.yandex.net/v1/chat/completions "HTTP/1.1 200 OK"
WARNING Re-label produced no experiment for EXP-RAW-16; restored previous VSA record
INFO HTTP Request: POST https://ai.api.cloud.yandex.net/v1/chat/completions "HTTP/1.1 200 OK"
INFO Neo4j ingest ok experiment=EXP-RAW-13 latency_ms=1148.3 entities=29
INFO Neo4j ingest ok experiment=EXP-RAW-14 latency_ms=465.6 entities=23
INFO HTTP Request: POST https://ai.api.cloud.yandex.net/v1/chat/completions "HTTP/1.1 200 OK"
INFO Neo4j ingest ok experiment=EXP-RAW-17 latency_ms=169.8 entities=9
INFO HTTP Request: POST https://ai.api.cloud.yandex.net/v1/chat/completions "HTTP/1.1 200 OK"
INFO Neo4j ingest ok experiment=EXP-RAW-18 latency_ms=470.7 entities=25
INFO HTTP Request: POST https://ai.api.cloud.yandex.net/v1/chat/completions "HTTP/1.1 200 OK"
INFO Neo4j ingest ok experiment=EXP-RAW-19 latency_ms=603.8 entities=36
INFO HTTP Request: POST https://ai.api.cloud.yandex.net/v1/chat/completions "HTTP/1.1 200 OK"
INFO HTTP Request: POST https://ai.api.cloud.yandex.net/v1/chat/completions "HTTP/1.1 200 OK"
WARNING Transaction failed and will be retried in 0.8566831190115949s ({neo4j_code: Neo.TransientError.Transaction.DeadlockDetected} {message: ForsetiClient[transactionId=8693, clientId=3] can't acquire ExclusiveLock{owner=ForsetiClient[transactionId=8694, clientId=2]} on NODE(754) because holders of that lock are waiting for ForsetiClient[transactionId=8693, clientId=3].
 Wait list:ExclusiveLock[
Client[8694] waits for [ForsetiClient[transactionId=8693, clientId=3]]]} {gql_status: 50N05} {gql_status_description: error: general processing exception - deadlock detected. Deadlock detected while trying to acquire locks. See log for more details.})
INFO Neo4j ingest ok experiment=EXP-RAW-20 latency_ms=610.9 entities=36
INFO Neo4j ingest ok experiment=EXP-RAW-21 latency_ms=1519.5 entities=24
INFO HTTP Request: POST https://ai.api.cloud.yandex.net/v1/chat/completions "HTTP/1.1 200 OK"
INFO HTTP Request: POST https://ai.api.cloud.yandex.net/v1/chat/completions "HTTP/1.1 200 OK"
INFO Neo4j ingest ok experiment=EXP-RAW-23 latency_ms=686.6 entities=28
INFO Neo4j ingest ok experiment=EXP-RAW-24 latency_ms=890.8 entities=25
INFO HTTP Request: POST https://ai.api.cloud.yandex.net/v1/chat/completions "HTTP/1.1 200 OK"
INFO HTTP Request: POST https://ai.api.cloud.yandex.net/v1/chat/completions "HTTP/1.1 200 OK"
INFO Neo4j ingest ok experiment=EXP-RAW-22 latency_ms=890.9 entities=40
INFO Neo4j ingest ok experiment=EXP-RAW-26 latency_ms=912.7 entities=26
INFO HTTP Request: POST https://ai.api.cloud.yandex.net/v1/chat/completions "HTTP/1.1 200 OK"
INFO Neo4j ingest ok experiment=EXP-RAW-25 latency_ms=758.4 entities=40
INFO HTTP Request: POST https://ai.api.cloud.yandex.net/v1/chat/completions "HTTP/1.1 200 OK"
INFO Neo4j ingest ok experiment=EXP-RAW-28 latency_ms=536.5 entities=29
INFO HTTP Request: POST https://ai.api.cloud.yandex.net/v1/chat/completions "HTTP/1.1 200 OK"
INFO Neo4j ingest ok experiment=EXP-RAW-27 latency_ms=740.4 entities=41
INFO HTTP Request: POST https://ai.api.cloud.yandex.net/v1/chat/completions "HTTP/1.1 200 OK"
INFO Neo4j ingest ok experiment=EXP-RAW-30 latency_ms=396.8 entities=23
INFO HTTP Request: POST https://ai.api.cloud.yandex.net/v1/chat/completions "HTTP/1.1 200 OK"
INFO Neo4j ingest ok experiment=EXP-RAW-29 latency_ms=642.6 entities=39
INFO HTTP Request: POST https://ai.api.cloud.yandex.net/v1/chat/completions "HTTP/1.1 200 OK"
INFO Neo4j ingest ok experiment=EXP-RAW-31 latency_ms=497.1 entities=30
INFO HTTP Request: POST https://ai.api.cloud.yandex.net/v1/chat/completions "HTTP/1.1 200 OK"
INFO HTTP Request: POST https://ai.api.cloud.yandex.net/v1/chat/completions "HTTP/1.1 200 OK"
INFO Neo4j ingest ok experiment=EXP-RAW-33 latency_ms=687.9 entities=26
INFO HTTP Request: POST https://ai.api.cloud.yandex.net/v1/chat/completions "HTTP/1.1 200 OK"
INFO Neo4j ingest ok experiment=EXP-RAW-32 latency_ms=1476.4 entities=36
INFO Neo4j ingest ok experiment=EXP-RAW-34 latency_ms=1043.0 entities=13
INFO HTTP Request: POST https://ai.api.cloud.yandex.net/v1/chat/completions "HTTP/1.1 200 OK"
INFO HTTP Request: POST https://ai.api.cloud.yandex.net/v1/chat/completions "HTTP/1.1 200 OK"
INFO Neo4j ingest ok experiment=EXP-RAW-35 latency_ms=687.8 entities=27
INFO HTTP Request: POST https://ai.api.cloud.yandex.net/v1/chat/completions "HTTP/1.1 200 OK"
INFO Neo4j ingest ok experiment=EXP-RAW-36 latency_ms=638.4 entities=19
INFO Neo4j ingest ok experiment=EXP-RAW-37 latency_ms=661.5 entities=28
INFO HTTP Request: POST https://ai.api.cloud.yandex.net/v1/chat/completions "HTTP/1.1 200 OK"
INFO HTTP Request: POST https://ai.api.cloud.yandex.net/v1/chat/completions "HTTP/1.1 200 OK"
INFO Neo4j ingest ok experiment=EXP-RAW-38 latency_ms=636.9 entities=24
INFO Neo4j ingest ok experiment=EXP-RAW-40 latency_ms=725.6 entities=21
INFO HTTP Request: POST https://ai.api.cloud.yandex.net/v1/chat/completions "HTTP/1.1 200 OK"
INFO Neo4j ingest ok experiment=EXP-RAW-39 latency_ms=653.0 entities=37
INFO HTTP Request: POST https://ai.api.cloud.yandex.net/v1/chat/completions "HTTP/1.1 200 OK"
INFO Neo4j ingest ok experiment=EXP-RAW-41 latency_ms=316.0 entities=17
INFO HTTP Request: POST https://ai.api.cloud.yandex.net/v1/chat/completions "HTTP/1.1 200 OK"
INFO Neo4j ingest ok experiment=EXP-RAW-42 latency_ms=662.7 entities=40
INFO HTTP Request: POST https://ai.api.cloud.yandex.net/v1/chat/completions "HTTP/1.1 200 OK"
INFO HTTP Request: POST https://ai.api.cloud.yandex.net/v1/chat/completions "HTTP/1.1 200 OK"
INFO HTTP Request: POST https://ai.api.cloud.yandex.net/v1/chat/completions "HTTP/1.1 200 OK"
INFO Neo4j ingest ok experiment=EXP-RAW-44 latency_ms=1062.1 entities=34
INFO Neo4j ingest ok experiment=EXP-RAW-45 latency_ms=359.2 entities=14
INFO Neo4j ingest ok experiment=EXP-RAW-43 latency_ms=1611.2 entities=31
INFO HTTP Request: POST https://ai.api.cloud.yandex.net/v1/chat/completions "HTTP/1.1 200 OK"
INFO HTTP Request: POST https://ai.api.cloud.yandex.net/v1/chat/completions "HTTP/1.1 200 OK"
INFO Neo4j ingest ok experiment=EXP-RAW-48 latency_ms=440.9 entities=5
INFO Neo4j ingest ok experiment=EXP-RAW-46 latency_ms=352.0 entities=16
INFO HTTP Request: POST https://ai.api.cloud.yandex.net/v1/chat/completions "HTTP/1.1 200 OK"
INFO HTTP Request: POST https://ai.api.cloud.yandex.net/v1/chat/completions "HTTP/1.1 200 OK"
INFO Neo4j ingest ok experiment=EXP-RAW-49 latency_ms=724.1 entities=24
INFO HTTP Request: POST https://ai.api.cloud.yandex.net/v1/chat/completions "HTTP/1.1 200 OK"
INFO Neo4j ingest ok experiment=EXP-RAW-47 latency_ms=1455.2 entities=42
INFO HTTP Request: POST https://ai.api.cloud.yandex.net/v1/chat/completions "HTTP/1.1 200 OK"
INFO Neo4j ingest ok experiment=EXP-RAW-50 latency_ms=1388.0 entities=29
INFO Neo4j ingest ok experiment=EXP-RAW-51 latency_ms=543.6 entities=13
INFO HTTP Request: POST https://ai.api.cloud.yandex.net/v1/chat/completions "HTTP/1.1 200 OK"
INFO Neo4j ingest ok experiment=EXP-RAW-54 latency_ms=221.1 entities=11
INFO HTTP Request: POST https://ai.api.cloud.yandex.net/v1/chat/completions "HTTP/1.1 200 OK"
INFO Neo4j ingest ok experiment=EXP-RAW-53 latency_ms=357.6 entities=20
INFO HTTP Request: POST https://ai.api.cloud.yandex.net/v1/chat/completions "HTTP/1.1 200 OK"
INFO Neo4j ingest ok experiment=EXP-RAW-52 latency_ms=698.5 entities=42
INFO HTTP Request: POST https://ai.api.cloud.yandex.net/v1/chat/completions "HTTP/1.1 200 OK"
WARNING Extraction attempt 1 failed validation: 2; preview='{"entities": [{"type": "Material", "value": "магний"}, {"type": "Material", "value": "хлорид магния"}, {"type": "Material", "value": "KCl"}, {"type": "Material", "value": "NaCl"}, {"type": "Material"
INFO HTTP Request: POST https://ai.api.cloud.yandex.net/v1/chat/completions "HTTP/1.1 200 OK"
INFO Neo4j ingest ok experiment=EXP-RAW-56 latency_ms=645.5 entities=28
INFO HTTP Request: POST https://ai.api.cloud.yandex.net/v1/chat/completions "HTTP/1.1 200 OK"
WARNING Extraction attempt 1 failed validation: 3; preview='{"entities": [{"type": "Material", "value": "магний"}, {"type": "Material", "value": "титан"}, {"type": "Material", "value": "редкие металлы"}, {"type": "Material", "value": "полупроводники"}, {"type
INFO HTTP Request: POST https://ai.api.cloud.yandex.net/v1/chat/completions "HTTP/1.1 200 OK"
WARNING Extraction attempt 2 failed validation: 2; preview='{"entities": [{"type": "Material", "value": "магний"}, {"type": "Material", "value": "хлорид магния"}, {"type": "Material", "value": "KCl"}, {"type": "Material", "value": "NaCl"}, {"type": "Material"
INFO HTTP Request: POST https://ai.api.cloud.yandex.net/v1/chat/completions "HTTP/1.1 200 OK"
INFO Neo4j ingest ok experiment=EXP-RAW-58 latency_ms=644.8 entities=38
INFO HTTP Request: POST https://ai.api.cloud.yandex.net/v1/chat/completions "HTTP/1.1 200 OK"
WARNING Extraction attempt 2 failed validation: 1; preview='{"entities": [{"type": "Material", "value": "магний"}, {"type": "Material", "value": "титан"}, {"type": "Material", "value": "редкие металлы"}, {"type": "Material", "value": "полупроводники"}, {"type
INFO HTTP Request: POST https://ai.api.cloud.yandex.net/v1/chat/completions "HTTP/1.1 200 OK"
WARNING Extraction attempt 3 failed validation: 2; preview='{"entities": [{"type": "Material", "value": "магний"}, {"type": "Material", "value": "хлорид магния"}, {"type": "Material", "value": "KCl"}, {"type": "Material", "value": "NaCl"}, {"type": "Material"
INFO HTTP Request: POST https://ai.api.cloud.yandex.net/v1/chat/completions "HTTP/1.1 200 OK"
INFO Neo4j ingest ok experiment=EXP-RAW-59 latency_ms=664.9 entities=33
INFO HTTP Request: POST https://ai.api.cloud.yandex.net/v1/chat/completions "HTTP/1.1 200 OK"
INFO HTTP Request: POST https://ai.api.cloud.yandex.net/v1/chat/completions "HTTP/1.1 200 OK"
WARNING Extraction attempt 3 failed validation: 1; preview='{"entities": [{"type": "Material", "value": "магний"}, {"type": "Material", "value": "титан"}, {"type": "Material", "value": "редкие металлы"}, {"type": "Material", "value": "полупроводники"}, {"type
INFO Neo4j ingest ok experiment=EXP-RAW-60 latency_ms=452.5 entities=26
WARNING Re-label produced no experiment for EXP-RAW-55; restored previous VSA record
INFO HTTP Request: POST https://ai.api.cloud.yandex.net/v1/chat/completions "HTTP/1.1 200 OK"
INFO Neo4j ingest ok experiment=EXP-RAW-61 latency_ms=633.3 entities=36
WARNING Re-label produced no experiment for EXP-RAW-57; restored previous VSA record
INFO HTTP Request: POST https://ai.api.cloud.yandex.net/v1/chat/completions "HTTP/1.1 200 OK"
INFO Neo4j ingest ok experiment=EXP-RAW-62 latency_ms=788.4 entities=43
INFO HTTP Request: POST https://ai.api.cloud.yandex.net/v1/chat/completions "HTTP/1.1 200 OK"
INFO HTTP Request: POST https://ai.api.cloud.yandex.net/v1/chat/completions "HTTP/1.1 200 OK"
INFO Neo4j ingest ok experiment=EXP-RAW-64 latency_ms=528.7 entities=14
INFO Neo4j ingest ok experiment=EXP-RAW-63 latency_ms=438.5 entities=20
INFO HTTP Request: POST https://ai.api.cloud.yandex.net/v1/chat/completions "HTTP/1.1 200 OK"
INFO Neo4j ingest ok experiment=EXP-RAW-65 latency_ms=148.9 entities=8
INFO HTTP Request: POST https://ai.api.cloud.yandex.net/v1/chat/completions "HTTP/1.1 200 OK"
INFO HTTP Request: POST https://ai.api.cloud.yandex.net/v1/chat/completions "HTTP/1.1 200 OK"
INFO Neo4j ingest ok experiment=EXP-RAW-66 latency_ms=458.5 entities=13
INFO Neo4j ingest ok experiment=EXP-RAW-67 latency_ms=335.6 entities=17
INFO HTTP Request: POST https://ai.api.cloud.yandex.net/v1/chat/completions "HTTP/1.1 200 OK"
INFO Neo4j ingest ok experiment=EXP-RAW-68 latency_ms=318.1 entities=18
INFO HTTP Request: POST https://ai.api.cloud.yandex.net/v1/chat/completions "HTTP/1.1 200 OK"
INFO Neo4j ingest ok experiment=EXP-RAW-69 latency_ms=334.6 entities=19
INFO HTTP Request: POST https://ai.api.cloud.yandex.net/v1/chat/completions "HTTP/1.1 200 OK"
INFO HTTP Request: POST https://ai.api.cloud.yandex.net/v1/chat/completions "HTTP/1.1 200 OK"
INFO Neo4j ingest ok experiment=EXP-RAW-71 latency_ms=398.9 entities=23
INFO Neo4j ingest ok experiment=EXP-RAW-70 latency_ms=1284.9 entities=34
INFO HTTP Request: POST https://ai.api.cloud.yandex.net/v1/chat/completions "HTTP/1.1 200 OK"
INFO HTTP Request: POST https://ai.api.cloud.yandex.net/v1/chat/completions "HTTP/1.1 200 OK"
INFO Neo4j ingest ok experiment=EXP-RAW-74 latency_ms=761.1 entities=29
INFO Neo4j ingest ok experiment=EXP-RAW-73 latency_ms=1157.1 entities=37
INFO HTTP Request: POST https://ai.api.cloud.yandex.net/v1/chat/completions "HTTP/1.1 200 OK"
INFO Neo4j ingest ok experiment=EXP-RAW-72 latency_ms=966.7 entities=56
INFO HTTP Request: POST https://ai.api.cloud.yandex.net/v1/chat/completions "HTTP/1.1 200 OK"
WARNING Extraction attempt 1 failed validation: 1; preview='{"entities": [{"type": "Material", "value": "бериллиевая бронза БрБ2"}, {"type": "Process", "value": "пластометрическое моделирование"}, {"type": "Process", "value": "дробная горячая деформация"}, {"
INFO HTTP Request: POST https://ai.api.cloud.yandex.net/v1/chat/completions "HTTP/1.1 200 OK"
WARNING Extraction attempt 1 failed validation: 3; preview='{"entities": [{"type": "Material", "value": "бериллиевая бронза"}, {"type": "Material", "value": "сплав БрБ2"}, {"type": "Process", "value": "горячая прокатка"}, {"type": "Process", "value": "пластом
INFO HTTP Request: POST https://ai.api.cloud.yandex.net/v1/chat/completions "HTTP/1.1 200 OK"
INFO Neo4j ingest ok experiment=EXP-RAW-77 latency_ms=344.7 entities=17
INFO HTTP Request: POST https://ai.api.cloud.yandex.net/v1/chat/completions "HTTP/1.1 200 OK"
WARNING Extraction attempt 2 failed validation: 1; preview='{"entities": [{"type": "Material", "value": "бериллиевая бронза БрБ2"}, {"type": "Process", "value": "пластометрическое моделирование"}, {"type": "Process", "value": "дробная горячая деформация"}, {"
INFO HTTP Request: POST https://ai.api.cloud.yandex.net/v1/chat/completions "HTTP/1.1 200 OK"
WARNING Extraction attempt 2 failed validation: 3; preview='{"entities": [{"type": "Material", "value": "бериллиевая бронза"}, {"type": "Material", "value": "сплав БрБ2"}, {"type": "Process", "value": "горячая прокатка"}, {"type": "Process", "value": "пластом
INFO HTTP Request: POST https://ai.api.cloud.yandex.net/v1/chat/completions "HTTP/1.1 200 OK"
INFO Neo4j ingest ok experiment=EXP-RAW-78 latency_ms=558.0 entities=29
INFO HTTP Request: POST https://ai.api.cloud.yandex.net/v1/chat/completions "HTTP/1.1 200 OK"
WARNING Extraction attempt 3 failed validation: 1; preview='{"entities": [{"type": "Material", "value": "бериллиевая бронза БрБ2"}, {"type": "Process", "value": "пластометрическое моделирование"}, {"type": "Process", "value": "дробная горячая деформация"}, {"
INFO HTTP Request: POST https://ai.api.cloud.yandex.net/v1/chat/completions "HTTP/1.1 200 OK"
INFO Neo4j ingest ok experiment=EXP-RAW-79 latency_ms=710.1 entities=40
INFO HTTP Request: POST https://ai.api.cloud.yandex.net/v1/chat/completions "HTTP/1.1 200 OK"
INFO Neo4j ingest ok experiment=EXP-RAW-75 latency_ms=526.8 entities=25
WARNING Re-label produced no experiment for EXP-RAW-76; restored previous VSA record
INFO HTTP Request: POST https://ai.api.cloud.yandex.net/v1/chat/completions "HTTP/1.1 200 OK"
INFO Neo4j ingest ok experiment=EXP-RAW-80 latency_ms=770.7 entities=46
INFO HTTP Request: POST https://ai.api.cloud.yandex.net/v1/chat/completions "HTTP/1.1 200 OK"
INFO HTTP Request: POST https://ai.api.cloud.yandex.net/v1/chat/completions "HTTP/1.1 200 OK"
INFO Neo4j ingest ok experiment=EXP-RAW-82 latency_ms=824.9 entities=30
INFO Neo4j ingest ok experiment=EXP-RAW-81 latency_ms=1005.5 entities=41
INFO HTTP Request: POST https://ai.api.cloud.yandex.net/v1/chat/completions "HTTP/1.1 200 OK"
INFO HTTP Request: POST https://ai.api.cloud.yandex.net/v1/chat/completions "HTTP/1.1 200 OK"
INFO HTTP Request: POST https://ai.api.cloud.yandex.net/v1/chat/completions "HTTP/1.1 200 OK"
INFO Neo4j ingest ok experiment=EXP-RAW-84 latency_ms=974.5 entities=21
INFO Neo4j ingest ok experiment=EXP-RAW-83 latency_ms=704.2 entities=33
INFO Neo4j ingest ok experiment=EXP-RAW-85 latency_ms=1743.5 entities=14
INFO HTTP Request: POST https://ai.api.cloud.yandex.net/v1/chat/completions "HTTP/1.1 200 OK"
INFO Neo4j ingest ok experiment=EXP-RAW-86 latency_ms=249.9 entities=14
INFO HTTP Request: POST https://ai.api.cloud.yandex.net/v1/chat/completions "HTTP/1.1 200 OK"
INFO Neo4j ingest ok experiment=EXP-RAW-87 latency_ms=373.5 entities=20
INFO HTTP Request: POST https://ai.api.cloud.yandex.net/v1/chat/completions "HTTP/1.1 200 OK"
INFO HTTP Request: POST https://ai.api.cloud.yandex.net/v1/chat/completions "HTTP/1.1 200 OK"
INFO Neo4j ingest ok experiment=EXP-RAW-88 latency_ms=871.9 entities=34
INFO Neo4j ingest ok experiment=EXP-RAW-89 latency_ms=916.4 entities=20
INFO HTTP Request: POST https://ai.api.cloud.yandex.net/v1/chat/completions "HTTP/1.1 200 OK"
INFO Neo4j ingest ok experiment=EXP-RAW-90 latency_ms=298.7 entities=14
INFO HTTP Request: POST https://ai.api.cloud.yandex.net/v1/chat/completions "HTTP/1.1 200 OK"
INFO Neo4j ingest ok experiment=EXP-RAW-91 latency_ms=194.6 entities=10
INFO HTTP Request: POST https://ai.api.cloud.yandex.net/v1/chat/completions "HTTP/1.1 200 OK"
INFO Neo4j ingest ok experiment=EXP-RAW-92 latency_ms=397.2 entities=21
INFO HTTP Request: POST https://ai.api.cloud.yandex.net/v1/chat/completions "HTTP/1.1 200 OK"
INFO HTTP Request: POST https://ai.api.cloud.yandex.net/v1/chat/completions "HTTP/1.1 200 OK"
INFO HTTP Request: POST https://ai.api.cloud.yandex.net/v1/chat/completions "HTTP/1.1 200 OK"
INFO Neo4j ingest ok experiment=EXP-RAW-94 latency_ms=959.3 entities=23
WARNING Transaction failed and will be retried in 1.0353814035032654s ({neo4j_code: Neo.TransientError.Transaction.DeadlockDetected} {message: ForsetiClient[transactionId=8805, clientId=3] can't acquire ExclusiveLock{owner=ForsetiClient[transactionId=8804, clientId=1]} on NODE(1243) because holders of that lock are waiting for ForsetiClient[transactionId=8805, clientId=3].
 Wait list:ExclusiveLock[
Client[8804] waits for [ForsetiClient[transactionId=8805, clientId=3]]]} {gql_status: 50N05} {gql_status_description: error: general processing exception - deadlock detected. Deadlock detected while trying to acquire locks. See log for more details.})
INFO Neo4j ingest ok experiment=EXP-RAW-95 latency_ms=1056.1 entities=17
INFO HTTP Request: POST https://ai.api.cloud.yandex.net/v1/chat/completions "HTTP/1.1 200 OK"
INFO HTTP Request: POST https://ai.api.cloud.yandex.net/v1/chat/completions "HTTP/1.1 200 OK"
INFO Neo4j ingest ok experiment=EXP-RAW-93 latency_ms=2584.0 entities=29
INFO Neo4j ingest ok experiment=EXP-RAW-96 latency_ms=897.1 entities=7
INFO Neo4j ingest ok experiment=EXP-RAW-97 latency_ms=546.2 entities=10
INFO HTTP Request: POST https://ai.api.cloud.yandex.net/v1/chat/completions "HTTP/1.1 200 OK"
INFO HTTP Request: POST https://ai.api.cloud.yandex.net/v1/chat/completions "HTTP/1.1 200 OK"
INFO HTTP Request: POST https://ai.api.cloud.yandex.net/v1/chat/completions "HTTP/1.1 200 OK"
INFO Neo4j ingest ok experiment=EXP-RAW-99 latency_ms=650.6 entities=7
INFO Neo4j ingest ok experiment=EXP-RAW-98 latency_ms=266.4 entities=6
INFO Neo4j ingest ok experiment=EXP-RAW-100 latency_ms=633.7 entities=6
INFO HTTP Request: POST https://ai.api.cloud.yandex.net/v1/chat/completions "HTTP/1.1 200 OK"
WARNING Extraction attempt 1 failed: Expecting value: line 1 column 1 (char 0); preview='Я не могу обсуждать эту тему. Давайте поговорим о чём-нибудь ещё.'
INFO HTTP Request: POST https://ai.api.cloud.yandex.net/v1/chat/completions "HTTP/1.1 200 OK"
INFO Neo4j ingest ok experiment=EXP-RAW-101 latency_ms=63.6 entities=3
INFO HTTP Request: POST https://ai.api.cloud.yandex.net/v1/chat/completions "HTTP/1.1 200 OK"
WARNING Extraction attempt 2 failed: Expecting value: line 1 column 1 (char 0); preview='Я не могу обсуждать эту тему. Давайте поговорим о чём-нибудь ещё.'
INFO HTTP Request: POST https://ai.api.cloud.yandex.net/v1/chat/completions "HTTP/1.1 200 OK"
INFO Neo4j ingest ok experiment=EXP-RAW-103 latency_ms=386.1 entities=21
INFO HTTP Request: POST https://ai.api.cloud.yandex.net/v1/chat/completions "HTTP/1.1 200 OK"
INFO HTTP Request: POST https://ai.api.cloud.yandex.net/v1/chat/completions "HTTP/1.1 200 OK"
WARNING Extraction attempt 3 failed: Expecting value: line 1 column 1 (char 0); preview='Я не могу обсуждать эту тему. Давайте поговорим о чём-нибудь ещё.'
INFO Neo4j ingest ok experiment=EXP-RAW-104 latency_ms=642.5 entities=28
INFO HTTP Request: POST https://ai.api.cloud.yandex.net/v1/chat/completions "HTTP/1.1 200 OK"
INFO Neo4j ingest ok experiment=EXP-RAW-105 latency_ms=322.7 entities=17
INFO HTTP Request: POST https://ai.api.cloud.yandex.net/v1/chat/completions "HTTP/1.1 200 OK"
WARNING Re-label produced no experiment for EXP-RAW-102; restored previous VSA record
INFO Neo4j ingest ok experiment=EXP-RAW-107 latency_ms=291.3 entities=15
INFO HTTP Request: POST https://ai.api.cloud.yandex.net/v1/chat/completions "HTTP/1.1 200 OK"
INFO HTTP Request: POST https://ai.api.cloud.yandex.net/v1/chat/completions "HTTP/1.1 200 OK"
INFO HTTP Request: POST https://ai.api.cloud.yandex.net/v1/chat/completions "HTTP/1.1 200 OK"
INFO Neo4j ingest ok experiment=EXP-RAW-108 latency_ms=172.1 entities=9
INFO HTTP Request: POST https://ai.api.cloud.yandex.net/v1/chat/completions "HTTP/1.1 200 OK"
INFO Neo4j ingest ok experiment=EXP-RAW-111 latency_ms=283.4 entities=14
INFO HTTP Request: POST https://ai.api.cloud.yandex.net/v1/chat/completions "HTTP/1.1 200 OK"
INFO Neo4j ingest ok experiment=EXP-RAW-106 latency_ms=1434.6 entities=82
INFO Re-labeling existing experiment EXP-RAW-00
INFO Re-labeling existing experiment EXP-RAW-01
INFO Re-labeling existing experiment EXP-RAW-02
INFO Re-labeling existing experiment EXP-RAW-03
INFO Re-labeling existing experiment EXP-RAW-04
INFO Re-labeling existing experiment EXP-RAW-05
INFO Re-labeling existing experiment EXP-RAW-06
INFO Re-labeling existing experiment EXP-RAW-07
INFO Re-labeling existing experiment EXP-RAW-08
INFO Re-labeling existing experiment EXP-RAW-09
INFO Re-labeling existing experiment EXP-RAW-10
INFO Re-labeling existing experiment EXP-RAW-11
INFO Re-labeling existing experiment EXP-RAW-12
INFO Re-labeling existing experiment EXP-RAW-13
INFO Re-labeling existing experiment EXP-RAW-14
INFO Re-labeling existing experiment EXP-RAW-15
INFO Re-labeling existing experiment EXP-RAW-16
INFO Re-labeling existing experiment EXP-RAW-17
INFO Re-labeling existing experiment EXP-RAW-18
INFO Re-labeling existing experiment EXP-RAW-19
INFO Re-labeling existing experiment EXP-RAW-20
INFO Re-labeling existing experiment EXP-RAW-21
INFO Re-labeling existing experiment EXP-RAW-22
INFO Re-labeling existing experiment EXP-RAW-23
INFO Re-labeling existing experiment EXP-RAW-24
INFO Re-labeling existing experiment EXP-RAW-25
INFO Re-labeling existing experiment EXP-RAW-26
INFO Re-labeling existing experiment EXP-RAW-27
INFO Re-labeling existing experiment EXP-RAW-28
INFO Re-labeling existing experiment EXP-RAW-29
INFO Re-labeling existing experiment EXP-RAW-30
INFO Re-labeling existing experiment EXP-RAW-31
INFO Re-labeling existing experiment EXP-RAW-32
INFO Re-labeling existing experiment EXP-RAW-33
INFO Re-labeling existing experiment EXP-RAW-34
INFO Re-labeling existing experiment EXP-RAW-35
INFO Re-labeling existing experiment EXP-RAW-36
INFO Re-labeling existing experiment EXP-RAW-37
INFO Re-labeling existing experiment EXP-RAW-38
INFO Re-labeling existing experiment EXP-RAW-39
INFO Re-labeling existing experiment EXP-RAW-40
INFO Re-labeling existing experiment EXP-RAW-41
INFO Re-labeling existing experiment EXP-RAW-42
INFO Re-labeling existing experiment EXP-RAW-43
INFO Re-labeling existing experiment EXP-RAW-44
INFO Re-labeling existing experiment EXP-RAW-45
INFO Re-labeling existing experiment EXP-RAW-46
INFO Re-labeling existing experiment EXP-RAW-47
INFO Re-labeling existing experiment EXP-RAW-48
INFO Re-labeling existing experiment EXP-RAW-49
INFO Re-labeling existing experiment EXP-RAW-50
INFO Re-labeling existing experiment EXP-RAW-51
INFO Re-labeling existing experiment EXP-RAW-52
INFO Re-labeling existing experiment EXP-RAW-53
INFO Re-labeling existing experiment EXP-RAW-54
INFO Re-labeling existing experiment EXP-RAW-55
INFO Re-labeling existing experiment EXP-RAW-56
INFO Re-labeling existing experiment EXP-RAW-57
INFO Re-labeling existing experiment EXP-RAW-58
INFO Re-labeling existing experiment EXP-RAW-59
INFO Re-labeling existing experiment EXP-RAW-60
INFO Re-labeling existing experiment EXP-RAW-61
INFO Re-labeling existing experiment EXP-RAW-62
INFO Re-labeling existing experiment EXP-RAW-63
INFO Re-labeling existing experiment EXP-RAW-64
INFO Re-labeling existing experiment EXP-RAW-65
INFO Re-labeling existing experiment EXP-RAW-66
INFO Re-labeling existing experiment EXP-RAW-67
INFO Re-labeling existing experiment EXP-RAW-68
INFO Re-labeling existing experiment EXP-RAW-69
INFO Re-labeling existing experiment EXP-RAW-70
INFO Re-labeling existing experiment EXP-RAW-71
INFO Re-labeling existing experiment EXP-RAW-72
INFO Re-labeling existing experiment EXP-RAW-73
INFO Re-labeling existing experiment EXP-RAW-74
INFO Re-labeling existing experiment EXP-RAW-75
INFO Re-labeling existing experiment EXP-RAW-76
INFO Re-labeling existing experiment EXP-RAW-77
INFO Re-labeling existing experiment EXP-RAW-78
INFO Re-labeling existing experiment EXP-RAW-79
INFO Re-labeling existing experiment EXP-RAW-80
INFO Re-labeling existing experiment EXP-RAW-81
INFO Re-labeling existing experiment EXP-RAW-82
INFO Re-labeling existing experiment EXP-RAW-83
INFO Re-labeling existing experiment EXP-RAW-84
INFO Re-labeling existing experiment EXP-RAW-85
INFO Re-labeling existing experiment EXP-RAW-86
INFO Re-labeling existing experiment EXP-RAW-87
INFO Re-labeling existing experiment EXP-RAW-88
INFO Re-labeling existing experiment EXP-RAW-89
INFO Re-labeling existing experiment EXP-RAW-90
INFO Re-labeling existing experiment EXP-RAW-91
INFO Re-labeling existing experiment EXP-RAW-92
INFO Re-labeling existing experiment EXP-RAW-93
INFO Re-labeling existing experiment EXP-RAW-94
INFO Re-labeling existing experiment EXP-RAW-95
INFO Re-labeling existing experiment EXP-RAW-96
INFO Re-labeling existing experiment EXP-RAW-97
INFO Re-labeling existing experiment EXP-RAW-98
INFO Re-labeling existing experiment EXP-RAW-99
INFO Re-labeling existing experiment EXP-RAW-100
INFO Re-labeling existing experiment EXP-RAW-101
INFO Re-labeling existing experiment EXP-RAW-102
INFO Re-labeling existing experiment EXP-RAW-103
INFO Re-labeling existing experiment EXP-RAW-104
INFO Re-labeling existing experiment EXP-RAW-105
INFO Re-labeling existing experiment EXP-RAW-106
INFO Re-labeling existing experiment EXP-RAW-107
INFO Re-labeling existing experiment EXP-RAW-108
INFO Re-labeling existing experiment EXP-RAW-111
INFO Re-labeling existing experiment EXP-RAW-116
INFO Re-labeling existing experiment EXP-RAW-124
INFO Re-labeling existing experiment EXP-RAW-125
INFO HTTP Request: POST https://ai.api.cloud.yandex.net/v1/chat/completions "HTTP/1.1 200 OK"
WARNING Re-label produced no experiment for EXP-RAW-01; restored previous VSA record
INFO HTTP Request: POST https://ai.api.cloud.yandex.net/v1/chat/completions "HTTP/1.1 200 OK"
WARNING Re-label produced no experiment for EXP-RAW-00; restored previous VSA record
INFO HTTP Request: POST https://ai.api.cloud.yandex.net/v1/chat/completions "HTTP/1.1 200 OK"
INFO Neo4j ingest ok experiment=EXP-RAW-02 latency_ms=1167.5 entities=67
INFO HTTP Request: POST https://ai.api.cloud.yandex.net/v1/chat/completions "HTTP/1.1 200 OK"
INFO Neo4j ingest ok experiment=EXP-RAW-05 latency_ms=293.3 entities=13
INFO HTTP Request: POST https://ai.api.cloud.yandex.net/v1/chat/completions "HTTP/1.1 200 OK"
INFO HTTP Request: POST https://ai.api.cloud.yandex.net/v1/chat/completions "HTTP/1.1 200 OK"
INFO Neo4j ingest ok experiment=EXP-RAW-03 latency_ms=2227.7 entities=111
INFO HTTP Request: POST https://ai.api.cloud.yandex.net/v1/chat/completions "HTTP/1.1 200 OK"
INFO Neo4j ingest ok experiment=EXP-RAW-06 latency_ms=1733.0 entities=22
INFO Neo4j ingest ok experiment=EXP-RAW-04 latency_ms=2210.3 entities=120
INFO HTTP Request: POST https://ai.api.cloud.yandex.net/v1/chat/completions "HTTP/1.1 200 OK"
INFO Neo4j ingest ok experiment=EXP-RAW-07 latency_ms=544.3 entities=30
INFO HTTP Request: POST https://ai.api.cloud.yandex.net/v1/chat/completions "HTTP/1.1 200 OK"
INFO Neo4j ingest ok experiment=EXP-RAW-08 latency_ms=810.1 entities=40
INFO HTTP Request: POST https://ai.api.cloud.yandex.net/v1/chat/completions "HTTP/1.1 200 OK"
INFO Neo4j ingest ok experiment=EXP-RAW-10 latency_ms=399.1 entities=19
INFO HTTP Request: POST https://ai.api.cloud.yandex.net/v1/chat/completions "HTTP/1.1 200 OK"
INFO HTTP Request: POST https://ai.api.cloud.yandex.net/v1/chat/completions "HTTP/1.1 200 OK"
INFO Neo4j ingest ok experiment=EXP-RAW-09 latency_ms=1356.0 entities=59
INFO HTTP Request: POST https://ai.api.cloud.yandex.net/v1/chat/completions "HTTP/1.1 200 OK"
WARNING Extraction attempt 1 failed validation: 3; preview='{"entities": [{"type": "Material", "value": "олово"}, {"type": "Material", "value": "никель"}, {"type": "Material", "value": "платиновые металлы (МПГ)"}, {"type": "Material", "value": "сульфидные пла
INFO Neo4j ingest ok experiment=EXP-RAW-11 latency_ms=1297.7 entities=32
INFO HTTP Request: POST https://ai.api.cloud.yandex.net/v1/chat/completions "HTTP/1.1 200 OK"
INFO HTTP Request: POST https://ai.api.cloud.yandex.net/v1/chat/completions "HTTP/1.1 200 OK"
INFO Neo4j ingest ok experiment=EXP-RAW-13 latency_ms=901.7 entities=30
INFO Neo4j ingest ok experiment=EXP-RAW-14 latency_ms=1000.8 entities=21
INFO HTTP Request: POST https://ai.api.cloud.yandex.net/v1/chat/completions "HTTP/1.1 200 OK"
INFO Neo4j ingest ok experiment=EXP-RAW-12 latency_ms=355.5 entities=14
INFO HTTP Request: POST https://ai.api.cloud.yandex.net/v1/chat/completions "HTTP/1.1 200 OK"
INFO Neo4j ingest ok experiment=EXP-RAW-16 latency_ms=66.7 entities=3
INFO HTTP Request: POST https://ai.api.cloud.yandex.net/v1/chat/completions "HTTP/1.1 200 OK"
WARNING Re-label produced no experiment for EXP-RAW-17; restored previous VSA record
INFO HTTP Request: POST https://ai.api.cloud.yandex.net/v1/chat/completions "HTTP/1.1 200 OK"
INFO Neo4j ingest ok experiment=EXP-RAW-15 latency_ms=227.5 entities=12
INFO HTTP Request: POST https://ai.api.cloud.yandex.net/v1/chat/completions "HTTP/1.1 200 OK"
INFO Neo4j ingest ok experiment=EXP-RAW-19 latency_ms=128.2 entities=6
INFO HTTP Request: POST https://ai.api.cloud.yandex.net/v1/chat/completions "HTTP/1.1 200 OK"
INFO Neo4j ingest ok experiment=EXP-RAW-18 latency_ms=328.4 entities=18
INFO HTTP Request: POST https://ai.api.cloud.yandex.net/v1/chat/completions "HTTP/1.1 200 OK"
WARNING Re-label produced no experiment for EXP-RAW-22; restored previous VSA record
INFO HTTP Request: POST https://ai.api.cloud.yandex.net/v1/chat/completions "HTTP/1.1 200 OK"
INFO Neo4j ingest ok experiment=EXP-RAW-20 latency_ms=356.7 entities=18
INFO HTTP Request: POST https://ai.api.cloud.yandex.net/v1/chat/completions "HTTP/1.1 200 OK"
WARNING Extraction attempt 1 failed validation: 1; preview='{"entities": [{"type": "Material", "value": "цирконий"}, {"type": "Process", "value": "выплавка слитков"}, {"type": "Process", "value": "горячая ОМД"}, {"type": "Process", "value": "вакуумная термооб
INFO HTTP Request: POST https://ai.api.cloud.yandex.net/v1/chat/completions "HTTP/1.1 200 OK"
INFO Neo4j ingest ok experiment=EXP-RAW-24 latency_ms=147.5 entities=6
INFO HTTP Request: POST https://ai.api.cloud.yandex.net/v1/chat/completions "HTTP/1.1 200 OK"
INFO Neo4j ingest ok experiment=EXP-RAW-23 latency_ms=324.9 entities=18
INFO HTTP Request: POST https://ai.api.cloud.yandex.net/v1/chat/completions "HTTP/1.1 200 OK"
INFO Neo4j ingest ok experiment=EXP-RAW-21 latency_ms=434.3 entities=18
INFO HTTP Request: POST https://ai.api.cloud.yandex.net/v1/chat/completions "HTTP/1.1 200 OK"
INFO Neo4j ingest ok experiment=EXP-RAW-25 latency_ms=816.8 entities=37
INFO HTTP Request: POST https://ai.api.cloud.yandex.net/v1/chat/completions "HTTP/1.1 200 OK"
INFO Neo4j ingest ok experiment=EXP-RAW-26 latency_ms=988.5 entities=45
INFO HTTP Request: POST https://ai.api.cloud.yandex.net/v1/chat/completions "HTTP/1.1 200 OK"
INFO HTTP Request: POST https://ai.api.cloud.yandex.net/v1/chat/completions "HTTP/1.1 200 OK"
INFO HTTP Request: POST https://ai.api.cloud.yandex.net/v1/chat/completions "HTTP/1.1 200 OK"
INFO Neo4j ingest ok experiment=EXP-RAW-27 latency_ms=1704.2 entities=62
INFO Neo4j ingest ok experiment=EXP-RAW-28 latency_ms=2504.1 entities=67
INFO Neo4j ingest ok experiment=EXP-RAW-29 latency_ms=3015.9 entities=40
INFO HTTP Request: POST https://ai.api.cloud.yandex.net/v1/chat/completions "HTTP/1.1 200 OK"
INFO Neo4j ingest ok experiment=EXP-RAW-30 latency_ms=343.4 entities=17
INFO HTTP Request: POST https://ai.api.cloud.yandex.net/v1/chat/completions "HTTP/1.1 200 OK"
INFO HTTP Request: POST https://ai.api.cloud.yandex.net/v1/chat/completions "HTTP/1.1 200 OK"
INFO Neo4j ingest ok experiment=EXP-RAW-31 latency_ms=585.8 entities=17
INFO Neo4j ingest ok experiment=EXP-RAW-32 latency_ms=482.8 entities=15
INFO HTTP Request: POST https://ai.api.cloud.yandex.net/v1/chat/completions "HTTP/1.1 200 OK"
INFO Neo4j ingest ok experiment=EXP-RAW-35 latency_ms=305.2 entities=16
INFO HTTP Request: POST https://ai.api.cloud.yandex.net/v1/chat/completions "HTTP/1.1 200 OK"
INFO HTTP Request: POST https://ai.api.cloud.yandex.net/v1/chat/completions "HTTP/1.1 200 OK"
INFO Neo4j ingest ok experiment=EXP-RAW-33 latency_ms=1030.8 entities=37
INFO Neo4j ingest ok experiment=EXP-RAW-34 latency_ms=1252.9 entities=27
INFO HTTP Request: POST https://ai.api.cloud.yandex.net/v1/chat/completions "HTTP/1.1 200 OK"
INFO Neo4j ingest ok experiment=EXP-RAW-36 latency_ms=396.1 entities=20
INFO HTTP Request: POST https://ai.api.cloud.yandex.net/v1/chat/completions "HTTP/1.1 200 OK"
INFO Neo4j ingest ok experiment=EXP-RAW-37 latency_ms=552.6 entities=29
INFO HTTP Request: POST https://ai.api.cloud.yandex.net/v1/chat/completions "HTTP/1.1 200 OK"
INFO HTTP Request: POST https://ai.api.cloud.yandex.net/v1/chat/completions "HTTP/1.1 200 OK"
INFO Neo4j ingest ok experiment=EXP-RAW-38 latency_ms=789.9 entities=28
INFO Neo4j ingest ok experiment=EXP-RAW-39 latency_ms=674.0 entities=18
INFO HTTP Request: POST https://ai.api.cloud.yandex.net/v1/chat/completions "HTTP/1.1 200 OK"
INFO Neo4j ingest ok experiment=EXP-RAW-40 latency_ms=500.0 entities=25
INFO HTTP Request: POST https://ai.api.cloud.yandex.net/v1/chat/completions "HTTP/1.1 200 OK"
INFO Neo4j ingest ok experiment=EXP-RAW-42 latency_ms=516.3 entities=27
INFO HTTP Request: POST https://ai.api.cloud.yandex.net/v1/chat/completions "HTTP/1.1 200 OK"
INFO Neo4j ingest ok experiment=EXP-RAW-41 latency_ms=715.3 entities=34
INFO HTTP Request: POST https://ai.api.cloud.yandex.net/v1/chat/completions "HTTP/1.1 200 OK"
INFO Neo4j ingest ok experiment=EXP-RAW-43 latency_ms=414.8 entities=20
INFO HTTP Request: POST https://ai.api.cloud.yandex.net/v1/chat/completions "HTTP/1.1 200 OK"
INFO HTTP Request: POST https://ai.api.cloud.yandex.net/v1/chat/completions "HTTP/1.1 200 OK"
INFO Neo4j ingest ok experiment=EXP-RAW-44 latency_ms=446.1 entities=24
INFO Neo4j ingest ok experiment=EXP-RAW-45 latency_ms=1029.4 entities=17
INFO HTTP Request: POST https://ai.api.cloud.yandex.net/v1/chat/completions "HTTP/1.1 200 OK"
INFO Neo4j ingest ok experiment=EXP-RAW-46 latency_ms=317.5 entities=15
INFO HTTP Request: POST https://ai.api.cloud.yandex.net/v1/chat/completions "HTTP/1.1 200 OK"
INFO Neo4j ingest ok experiment=EXP-RAW-48 latency_ms=491.6 entities=26
INFO HTTP Request: POST https://ai.api.cloud.yandex.net/v1/chat/completions "HTTP/1.1 200 OK"
INFO HTTP Request: POST https://ai.api.cloud.yandex.net/v1/chat/completions "HTTP/1.1 200 OK"
INFO Neo4j ingest ok experiment=EXP-RAW-49 latency_ms=672.9 entities=21
INFO Neo4j ingest ok experiment=EXP-RAW-47 latency_ms=989.1 entities=41
INFO HTTP Request: POST https://ai.api.cloud.yandex.net/v1/chat/completions "HTTP/1.1 200 OK"
INFO Neo4j ingest ok experiment=EXP-RAW-50 latency_ms=355.7 entities=16
INFO HTTP Request: POST https://ai.api.cloud.yandex.net/v1/chat/completions "HTTP/1.1 200 OK"
INFO HTTP Request: POST https://ai.api.cloud.yandex.net/v1/chat/completions "HTTP/1.1 200 OK"
INFO Neo4j ingest ok experiment=EXP-RAW-51 latency_ms=560.8 entities=15
INFO Neo4j ingest ok experiment=EXP-RAW-52 latency_ms=683.6 entities=20
INFO HTTP Request: POST https://ai.api.cloud.yandex.net/v1/chat/completions "HTTP/1.1 200 OK"
INFO Neo4j ingest ok experiment=EXP-RAW-53 latency_ms=504.9 entities=25
INFO HTTP Request: POST https://ai.api.cloud.yandex.net/v1/chat/completions "HTTP/1.1 200 OK"
INFO HTTP Request: POST https://ai.api.cloud.yandex.net/v1/chat/completions "HTTP/1.1 200 OK"
INFO HTTP Request: POST https://ai.api.cloud.yandex.net/v1/chat/completions "HTTP/1.1 200 OK"
WARNING Extraction attempt 1 failed validation: 2; preview='{"entities": [{"type": "Material", "value": "ZnO"}, {"type": "Material", "value": "серная кислота (H2SO4)"}, {"type": "Material", "value": "сульфат цинка (ZnSO4)"}, {"type": "Process", "value": "раст
INFO Neo4j ingest ok experiment=EXP-RAW-55 latency_ms=619.0 entities=18
INFO Neo4j ingest ok experiment=EXP-RAW-56 latency_ms=422.1 entities=22
INFO HTTP Request: POST https://ai.api.cloud.yandex.net/v1/chat/completions "HTTP/1.1 200 OK"
INFO HTTP Request: POST https://ai.api.cloud.yandex.net/v1/chat/completions "HTTP/1.1 200 OK"
INFO Neo4j ingest ok experiment=EXP-RAW-58 latency_ms=547.6 entities=11
INFO Neo4j ingest ok experiment=EXP-RAW-57 latency_ms=888.9 entities=29
INFO HTTP Request: POST https://ai.api.cloud.yandex.net/v1/chat/completions "HTTP/1.1 200 OK"
INFO Neo4j ingest ok experiment=EXP-RAW-59 latency_ms=197.8 entities=10
INFO HTTP Request: POST https://ai.api.cloud.yandex.net/v1/chat/completions "HTTP/1.1 200 OK"
INFO Neo4j ingest ok experiment=EXP-RAW-54 latency_ms=533.0 entities=28
INFO HTTP Request: POST https://ai.api.cloud.yandex.net/v1/chat/completions "HTTP/1.1 200 OK"
INFO Neo4j ingest ok experiment=EXP-RAW-60 latency_ms=538.0 entities=24
INFO HTTP Request: POST https://ai.api.cloud.yandex.net/v1/chat/completions "HTTP/1.1 200 OK"
INFO HTTP Request: POST https://ai.api.cloud.yandex.net/v1/chat/completions "HTTP/1.1 200 OK"
INFO Neo4j ingest ok experiment=EXP-RAW-61 latency_ms=566.7 entities=15
INFO Neo4j ingest ok experiment=EXP-RAW-62 latency_ms=495.3 entities=10
INFO HTTP Request: POST https://ai.api.cloud.yandex.net/v1/chat/completions "HTTP/1.1 200 OK"
INFO Neo4j ingest ok experiment=EXP-RAW-63 latency_ms=289.4 entities=15
INFO HTTP Request: POST https://ai.api.cloud.yandex.net/v1/chat/completions "HTTP/1.1 200 OK"
WARNING Extraction attempt 1 failed validation: 1; preview='{"entities": [{"type": "Material", "value": "золото"}, {"type": "Material", "value": "цианид натрия"}, {"type": "Material", "value": "кислород"}, {"type": "Material", "value": "гравиоконцентраты"}, {
INFO HTTP Request: POST https://ai.api.cloud.yandex.net/v1/chat/completions "HTTP/1.1 200 OK"
INFO Neo4j ingest ok experiment=EXP-RAW-66 latency_ms=410.5 entities=19
INFO HTTP Request: POST https://ai.api.cloud.yandex.net/v1/chat/completions "HTTP/1.1 200 OK"
INFO Neo4j ingest ok experiment=EXP-RAW-65 latency_ms=645.7 entities=32
INFO HTTP Request: POST https://ai.api.cloud.yandex.net/v1/chat/completions "HTTP/1.1 200 OK"
INFO Neo4j ingest ok experiment=EXP-RAW-64 latency_ms=327.8 entities=17
INFO HTTP Request: POST https://ai.api.cloud.yandex.net/v1/chat/completions "HTTP/1.1 200 OK"
INFO HTTP Request: POST https://ai.api.cloud.yandex.net/v1/chat/completions "HTTP/1.1 200 OK"
INFO Neo4j ingest ok experiment=EXP-RAW-67 latency_ms=1053.4 entities=42
INFO Neo4j ingest ok experiment=EXP-RAW-68 latency_ms=1178.9 entities=36
INFO HTTP Request: POST https://ai.api.cloud.yandex.net/v1/chat/completions "HTTP/1.1 200 OK"
WARNING Extraction attempt 1 failed validation: 1; preview='{"entities": [{"type": "Material", "value": "рений"}, {"type": "Material", "value": "платина"}, {"type": "Material", "value": "катализатор"}, {"type": "Material", "value": "перренат аммония"}, {"type
INFO HTTP Request: POST https://ai.api.cloud.yandex.net/v1/chat/completions "HTTP/1.1 200 OK"
INFO HTTP Request: POST https://ai.api.cloud.yandex.net/v1/chat/completions "HTTP/1.1 200 OK"
INFO Neo4j ingest ok experiment=EXP-RAW-70 latency_ms=773.8 entities=23
INFO Neo4j ingest ok experiment=EXP-RAW-71 latency_ms=702.8 entities=32
INFO HTTP Request: POST https://ai.api.cloud.yandex.net/v1/chat/completions "HTTP/1.1 200 OK"
INFO HTTP Request: POST https://ai.api.cloud.yandex.net/v1/chat/completions "HTTP/1.1 200 OK"
INFO Neo4j ingest ok experiment=EXP-RAW-73 latency_ms=628.3 entities=33
INFO Neo4j ingest ok experiment=EXP-RAW-69 latency_ms=1827.1 entities=46
INFO HTTP Request: POST https://ai.api.cloud.yandex.net/v1/chat/completions "HTTP/1.1 200 OK"
INFO Neo4j ingest ok experiment=EXP-RAW-72 latency_ms=1002.5 entities=55
INFO HTTP Request: POST https://ai.api.cloud.yandex.net/v1/chat/completions "HTTP/1.1 200 OK"
WARNING Extraction attempt 1 failed validation: 1; preview='{"entities": [{"type": "Material", "value": "алюминий"}, {"type": "Material", "value": "глинозём"}, {"type": "Material", "value": "углеродные материалы"}, {"type": "Process", "value": "обжиг подины"}
INFO HTTP Request: POST https://ai.api.cloud.yandex.net/v1/chat/completions "HTTP/1.1 200 OK"
INFO Neo4j ingest ok experiment=EXP-RAW-74 latency_ms=422.1 entities=21
INFO HTTP Request: POST https://ai.api.cloud.yandex.net/v1/chat/completions "HTTP/1.1 200 OK"
INFO Neo4j ingest ok experiment=EXP-RAW-76 latency_ms=199.8 entities=10
INFO HTTP Request: POST https://ai.api.cloud.yandex.net/v1/chat/completions "HTTP/1.1 200 OK"
INFO Neo4j ingest ok experiment=EXP-RAW-77 latency_ms=301.8 entities=16
INFO HTTP Request: POST https://ai.api.cloud.yandex.net/v1/chat/completions "HTTP/1.1 200 OK"
WARNING Extraction attempt 2 failed validation: 1; preview='{"entities": [{"type": "Material", "value": "алюминий"}, {"type": "Material", "value": "глинозём"}, {"type": "Material", "value": "углеродные материалы"}, {"type": "Process", "value": "обжиг алюминие
INFO HTTP Request: POST https://ai.api.cloud.yandex.net/v1/chat/completions "HTTP/1.1 200 OK"
INFO HTTP Request: POST https://ai.api.cloud.yandex.net/v1/chat/completions "HTTP/1.1 200 OK"
INFO Neo4j ingest ok experiment=EXP-RAW-79 latency_ms=836.1 entities=23
INFO Neo4j ingest ok experiment=EXP-RAW-78 latency_ms=1006.1 entities=22
INFO HTTP Request: POST https://ai.api.cloud.yandex.net/v1/chat/completions "HTTP/1.1 200 OK"
INFO Neo4j ingest ok experiment=EXP-RAW-75 latency_ms=194.2 entities=10
INFO HTTP Request: POST https://ai.api.cloud.yandex.net/v1/chat/completions "HTTP/1.1 200 OK"
INFO Neo4j ingest ok experiment=EXP-RAW-80 latency_ms=374.9 entities=18
INFO HTTP Request: POST https://ai.api.cloud.yandex.net/v1/chat/completions "HTTP/1.1 200 OK"
INFO Neo4j ingest ok experiment=EXP-RAW-81 latency_ms=326.9 entities=15
INFO HTTP Request: POST https://ai.api.cloud.yandex.net/v1/chat/completions "HTTP/1.1 200 OK"
INFO Neo4j ingest ok experiment=EXP-RAW-82 latency_ms=412.5 entities=22
INFO HTTP Request: POST https://ai.api.cloud.yandex.net/v1/chat/completions "HTTP/1.1 200 OK"
INFO HTTP Request: POST https://ai.api.cloud.yandex.net/v1/chat/completions "HTTP/1.1 200 OK"
INFO Neo4j ingest ok experiment=EXP-RAW-84 latency_ms=381.3 entities=16
INFO HTTP Request: POST https://ai.api.cloud.yandex.net/v1/chat/completions "HTTP/1.1 200 OK"
INFO Neo4j ingest ok experiment=EXP-RAW-83 latency_ms=1316.1 entities=22
INFO Neo4j ingest ok experiment=EXP-RAW-85 latency_ms=343.9 entities=13
INFO HTTP Request: POST https://ai.api.cloud.yandex.net/v1/chat/completions "HTTP/1.1 200 OK"
INFO Neo4j ingest ok experiment=EXP-RAW-86 latency_ms=271.0 entities=13
INFO HTTP Request: POST https://ai.api.cloud.yandex.net/v1/chat/completions "HTTP/1.1 200 OK"
INFO Neo4j ingest ok experiment=EXP-RAW-87 latency_ms=500.7 entities=27
INFO HTTP Request: POST https://ai.api.cloud.yandex.net/v1/chat/completions "HTTP/1.1 200 OK"
INFO Neo4j ingest ok experiment=EXP-RAW-88 latency_ms=705.1 entities=34
INFO HTTP Request: POST https://ai.api.cloud.yandex.net/v1/chat/completions "HTTP/1.1 200 OK"
INFO Neo4j ingest ok experiment=EXP-RAW-89 latency_ms=685.6 entities=35
INFO HTTP Request: POST https://ai.api.cloud.yandex.net/v1/chat/completions "HTTP/1.1 200 OK"
INFO HTTP Request: POST https://ai.api.cloud.yandex.net/v1/chat/completions "HTTP/1.1 200 OK"
INFO HTTP Request: POST https://ai.api.cloud.yandex.net/v1/chat/completions "HTTP/1.1 200 OK"
INFO Neo4j ingest ok experiment=EXP-RAW-90 latency_ms=1253.4 entities=38
INFO Neo4j ingest ok experiment=EXP-RAW-92 latency_ms=1215.9 entities=16
INFO Neo4j ingest ok experiment=EXP-RAW-91 latency_ms=1241.7 entities=31
INFO HTTP Request: POST https://ai.api.cloud.yandex.net/v1/chat/completions "HTTP/1.1 200 OK"
INFO Neo4j ingest ok experiment=EXP-RAW-93 latency_ms=345.6 entities=18
INFO HTTP Request: POST https://ai.api.cloud.yandex.net/v1/chat/completions "HTTP/1.1 200 OK"
INFO Neo4j ingest ok experiment=EXP-RAW-94 latency_ms=401.0 entities=21
INFO HTTP Request: POST https://ai.api.cloud.yandex.net/v1/chat/completions "HTTP/1.1 200 OK"
INFO Neo4j ingest ok experiment=EXP-RAW-95 latency_ms=604.9 entities=27
INFO HTTP Request: POST https://ai.api.cloud.yandex.net/v1/chat/completions "HTTP/1.1 200 OK"
INFO Neo4j ingest ok experiment=EXP-RAW-97 latency_ms=308.5 entities=16
INFO HTTP Request: POST https://ai.api.cloud.yandex.net/v1/chat/completions "HTTP/1.1 200 OK"
INFO Neo4j ingest ok experiment=EXP-RAW-96 latency_ms=431.9 entities=23
INFO HTTP Request: POST https://ai.api.cloud.yandex.net/v1/chat/completions "HTTP/1.1 200 OK"
INFO Neo4j ingest ok experiment=EXP-RAW-98 latency_ms=312.0 entities=16
INFO HTTP Request: POST https://ai.api.cloud.yandex.net/v1/chat/completions "HTTP/1.1 200 OK"
INFO Neo4j ingest ok experiment=EXP-RAW-99 latency_ms=322.0 entities=17
INFO HTTP Request: POST https://ai.api.cloud.yandex.net/v1/chat/completions "HTTP/1.1 200 OK"
INFO HTTP Request: POST https://ai.api.cloud.yandex.net/v1/chat/completions "HTTP/1.1 200 OK"
INFO HTTP Request: POST https://ai.api.cloud.yandex.net/v1/chat/completions "HTTP/1.1 200 OK"
WARNING Extraction attempt 1 failed validation: 2; preview='{"entities": [{"type": "Material", "value": "свинец"}, {"type": "Material", "value": "висмут"}, {"type": "Material", "value": "латунь Л70"}, {"type": "Material", "value": "Cu"}, {"type": "Material", 
INFO Neo4j ingest ok experiment=EXP-RAW-101 latency_ms=552.2 entities=14
INFO Neo4j ingest ok experiment=EXP-RAW-102 latency_ms=413.1 entities=10
INFO HTTP Request: POST https://ai.api.cloud.yandex.net/v1/chat/completions "HTTP/1.1 200 OK"
INFO Neo4j ingest ok experiment=EXP-RAW-103 latency_ms=227.7 entities=10
INFO HTTP Request: POST https://ai.api.cloud.yandex.net/v1/chat/completions "HTTP/1.1 200 OK"
INFO Neo4j ingest ok experiment=EXP-RAW-104 latency_ms=418.1 entities=20
INFO HTTP Request: POST https://ai.api.cloud.yandex.net/v1/chat/completions "HTTP/1.1 200 OK"
INFO HTTP Request: POST https://ai.api.cloud.yandex.net/v1/chat/completions "HTTP/1.1 200 OK"
INFO HTTP Request: POST https://ai.api.cloud.yandex.net/v1/chat/completions "HTTP/1.1 200 OK"
INFO Neo4j ingest ok experiment=EXP-RAW-105 latency_ms=966.3 entities=19
INFO Neo4j ingest ok experiment=EXP-RAW-106 latency_ms=438.7 entities=7
INFO Neo4j ingest ok experiment=EXP-RAW-100 latency_ms=703.3 entities=29
INFO HTTP Request: POST https://ai.api.cloud.yandex.net/v1/chat/completions "HTTP/1.1 200 OK"
INFO HTTP Request: POST https://ai.api.cloud.yandex.net/v1/chat/completions "HTTP/1.1 200 OK"
INFO Neo4j ingest ok experiment=EXP-RAW-108 latency_ms=754.4 entities=24
INFO Neo4j ingest ok experiment=EXP-RAW-107 latency_ms=833.6 entities=25
INFO HTTP Request: POST https://ai.api.cloud.yandex.net/v1/chat/completions "HTTP/1.1 200 OK"
INFO Neo4j ingest ok experiment=EXP-RAW-109 latency_ms=252.3 entities=13
INFO HTTP Request: POST https://ai.api.cloud.yandex.net/v1/chat/completions "HTTP/1.1 200 OK"
INFO Neo4j ingest ok experiment=EXP-RAW-110 latency_ms=131.7 entities=6
INFO HTTP Request: POST https://ai.api.cloud.yandex.net/v1/chat/completions "HTTP/1.1 200 OK"
INFO Neo4j ingest ok experiment=EXP-RAW-111 latency_ms=302.6 entities=15
INFO HTTP Request: POST https://ai.api.cloud.yandex.net/v1/chat/completions "HTTP/1.1 200 OK"
WARNING Extraction attempt 1 failed validation: 2; preview='{"entities": [{"type": "Material", "value": "сплав А356"}, {"type": "Material", "value": "сплав АК7"}, {"type": "Material", "value": "фенольная смола"}, {"type": "Material", "value": "H2O"}, {"type":
INFO HTTP Request: POST https://ai.api.cloud.yandex.net/v1/chat/completions "HTTP/1.1 200 OK"
INFO Neo4j ingest ok experiment=EXP-RAW-113 latency_ms=404.7 entities=20
INFO HTTP Request: POST https://ai.api.cloud.yandex.net/v1/chat/completions "HTTP/1.1 200 OK"
INFO Neo4j ingest ok experiment=EXP-RAW-114 latency_ms=340.9 entities=18
INFO HTTP Request: POST https://ai.api.cloud.yandex.net/v1/chat/completions "HTTP/1.1 200 OK"
INFO Neo4j ingest ok experiment=EXP-RAW-115 latency_ms=276.4 entities=14
INFO HTTP Request: POST https://ai.api.cloud.yandex.net/v1/chat/completions "HTTP/1.1 200 OK"
WARNING Extraction attempt 2 failed validation: 2; preview='{"entities": [{"type": "Material", "value": "сплав А356"}, {"type": "Material", "value": "сплав АК7"}, {"type": "Material", "value": "фенольная смола"}, {"type": "Material", "value": "H2O"}, {"type":
INFO HTTP Request: POST https://ai.api.cloud.yandex.net/v1/chat/completions "HTTP/1.1 200 OK"
INFO Neo4j ingest ok experiment=EXP-RAW-116 latency_ms=271.6 entities=11
INFO HTTP Request: POST https://ai.api.cloud.yandex.net/v1/chat/completions "HTTP/1.1 200 OK"
INFO Neo4j ingest ok experiment=EXP-RAW-117 latency_ms=248.4 entities=10
INFO HTTP Request: POST https://ai.api.cloud.yandex.net/v1/chat/completions "HTTP/1.1 200 OK"
INFO Neo4j ingest ok experiment=EXP-RAW-118 latency_ms=206.8 entities=8
INFO HTTP Request: POST https://ai.api.cloud.yandex.net/v1/chat/completions "HTTP/1.1 200 OK"
WARNING Extraction attempt 1 failed validation: 1; preview='{"entities": [{"type": "Process", "value": "Semi-Solid Metal Forming"}, {"type": "Process", "value": "thixoforming"}, {"type": "Process", "value": "rheocasting"}, {"type": "Process", "value": "reheat
INFO HTTP Request: POST https://ai.api.cloud.yandex.net/v1/chat/completions "HTTP/1.1 200 OK"
INFO Neo4j ingest ok experiment=EXP-RAW-120 latency_ms=525.1 entities=27
INFO HTTP Request: POST https://ai.api.cloud.yandex.net/v1/chat/completions "HTTP/1.1 200 OK"
WARNING Extraction attempt 3 failed validation: 2; preview='{"entities": [{"type": "Material", "value": "сплав А356"}, {"type": "Material", "value": "сплав АК7"}, {"type": "Material", "value": "фенольная смола"}, {"type": "Material", "value": "H2O"}, {"type":
INFO HTTP Request: POST https://ai.api.cloud.yandex.net/v1/chat/completions "HTTP/1.1 200 OK"
WARNING Extraction attempt 2 failed validation: 1; preview='{"entities": [{"type": "Process", "value": "Semi-Solid Metal Forming"}, {"type": "Process", "value": "thixoforming"}, {"type": "Process", "value": "rheocasting"}, {"type": "Process", "value": "reheat
INFO HTTP Request: POST https://ai.api.cloud.yandex.net/v1/chat/completions "HTTP/1.1 200 OK"
INFO Neo4j ingest ok experiment=EXP-RAW-121 latency_ms=552.8 entities=21
INFO HTTP Request: POST https://ai.api.cloud.yandex.net/v1/chat/completions "HTTP/1.1 200 OK"
INFO Neo4j ingest ok experiment=EXP-RAW-122 latency_ms=202.9 entities=10
INFO HTTP Request: POST https://ai.api.cloud.yandex.net/v1/chat/completions "HTTP/1.1 200 OK"
INFO HTTP Request: POST https://ai.api.cloud.yandex.net/v1/chat/completions "HTTP/1.1 200 OK"
WARNING Extraction attempt 3 failed validation: 1; preview='{"entities": [{"type": "Process", "value": "Semi-Solid Metal Forming"}, {"type": "Process", "value": "thixoforming"}, {"type": "Process", "value": "rheocasting"}, {"type": "Process", "value": "reheat
INFO Neo4j ingest ok experiment=EXP-RAW-123 latency_ms=283.0 entities=13
INFO HTTP Request: POST https://ai.api.cloud.yandex.net/v1/chat/completions "HTTP/1.1 200 OK"
WARNING Re-label produced no experiment for EXP-RAW-125; restored previous VSA record
INFO HTTP Request: POST https://ai.api.cloud.yandex.net/v1/chat/completions "HTTP/1.1 200 OK"
INFO HTTP Request: POST https://ai.api.cloud.yandex.net/v1/chat/completions "HTTP/1.1 200 OK"
INFO HTTP Request: POST https://ai.api.cloud.yandex.net/v1/chat/completions "HTTP/1.1 200 OK"
INFO Neo4j ingest ok experiment=EXP-RAW-124 latency_ms=468.5 entities=22
INFO Re-label complete. Skipped 10 file(s). Processed 5 files (550 chunks). Total DB size: 140.
Loaded database state successfully from disk (db_state.pkl).
Indexing [Журнал] CM_01_15.pdf...
Indexing [Журнал] CM_01_12.pdf...
Indexing [Журнал] CM_01_2008.pdf...
Indexing [Журнал] CM_01_2006.pdf...
Indexing [Журнал] CM-10_2007.pdf...
